Entry	Gene Name	Length	Domain	Start	End	Domain Length	Domain Sequence	Mean Disorder	Fraction Of Disordered Residues	anchoringIndex	fractionBuried	contactDensity	interactionIndex	meanDomainplddt
A6NDV4	TMEM8B C9orf127 NGX6	472	EGF-like	182	221	40	FLSPCVDDCGPYGQCKLLRTHNYLYAACECKAGWRGWGCT	0.399654001	0.05	0.189988426	0.349963693	0.003009259	0.245219359	80.84
A6NHX0	CASTOR2 GATSL1 GATSL2	329	ACT	262	322	61	ELWKMVRIGGQPLGFDECGIVAQISEPLAAADIPAYYISTFKFDHALVPEENINGVISALK	0.316763639	0	0.735074627	0.519781981	0.006483974	0.476452755	88.56
F5H094	SLCO1B3-SLCO1B7	687	Kazal-like	453	508	56	DVPLSYCNSECNCDESQWEPVCGNNGITYLSPCLAGCKSSSGNKEPIVFYNCSCVE	0.399316162	0.107142857	0.166402536	0.466814732	0.002405479	0.305301575	81.62
O00160	MYO1F	1098	SH	1041	1098	58	THGPRCRALYQYVGQDVDELSFNVNEVIEILMEDPSGWWKGRLHGQEGLFPGNYVEKI	0.381949306	0.068965517	8.29E-05	0.01841351	4.97E-05	0.010433408	80.96
O00217	NDUFS8	210	4Fe-4S ferredoxin-type	102	131	30	RRYPSGEERCIACKLCEAICPAQAITIEAE	0.413392216	0.033333333	0.519074074	0.471024609	0.010555556	0.396314089	88.03
O00244	ATOX1 HAH1	68	HMA	1	63	63	MPKHEFSVDMTCGGCAEAVSRVLNKLGGVKYDIDLPNKKVCIESEHSMDTLLATLKKTGKTVS	0.300947011	0	0.99047619	0.083413041	0.050793651	0.3012744	97.67
O14618	CCS	274	HMA	11	74	64	LCTLEFAVQMTCQSCVDAVRKSLQGVAGVQDVEVHLEDQMVLVHTTLPSQEVQALLEGTGRQAV	0.368750513	0	0.393005952	0.250891613	0.003720238	0.239521916	87.36
O14638	ENPP3 PDNP3	875	SMB	50	93	44	KQGSCRKKCFDASFRGLENCRCDVACKDRGDCCWDFEDTCVEST	0.285549521	0	0.199157641	0.222590146	0.000820479	0.1751088	95.33
O14638	ENPP3 PDNP3	875	SMB	94	138	45	RIWMCNKFRCGETRLEASLCSCSDDCLQRKDCCADYKSVCQGETS	0.338101774	0	0.568380187	0.262049187	0.001204819	0.288672998	95.33
O14815	CAPN9 NCL4	690	EF-hand	518	552	35	EEEQRFRALFEQVAGEDMEVTAEELEYVLNAVLQK	0.433061749	0.142857143	0.132780807	0.379796897	0.002442748	0.2478389	89.98
O14815	CAPN9 NCL4	690	EF-hand	591	626	36	DKLKQWINLFLRFDADKSGTMSTYELRTALKAAGFQ	0.404551297	0.027777778	0.207823649	0.574263698	0.003397893	0.376426837	89.98
O14829	PPEF1 PPEF PPP7C	653	EF-hand	566	601	36	RYRSDLEIIFNAIDTDHSGLISVEEFRAMWKLFSSH	0.334991217	0	0.033495408	0.567073936	0.003061408	0.329242623	80.57
O14910	LIN7A MALS1 VELI1	233	L	25	80	56	LDRDVARAIELLEKLQESGEVPVHKLQSLKKVLQSEFCTAIREVYQYMHETITVNG	0.343698561	0	0.003329298	0.120100593	0.001815981	0.06901876	80.25
O14950	MYL12B MRLC2 MYLC2B	172	EF-hand	98	133	36	DPEDVIRNAFACFDEEATGTIQEDYLRELLTTMGDR	0.382007301	0	0.231821895	0.268965249	0.00878268	0.210867735	83.52
O15182	CETN3 CEN3	167	EF-hand	25	60	36	EQKQEIKDAFELFDTDKDEAIDYHELKVAMRALGFD	0.430543214	0.166666667	0.261662426	0.333553937	0.011662426	0.255269467	88.98
O15182	CETN3 CEN3	167	EF-hand	61	96	36	VKKADVLKILKDYDREATGKITFEDFNEVVTDWILE	0.349942356	0	0.232824427	0.327970659	0.011238338	0.244912625	88.98
O15182	CETN3 CEN3	167	EF-hand	98	133	36	DPHEEILKAFKLFDDDDSGKISLRNLRRVARELGEN	0.355346084	0.111111111	0.265267176	0.293588268	0.006785411	0.232667236	88.98
O15182	CETN3 CEN3	167	EF-hand	134	167	34	MSDEELRAMIEEFDKDGDGEINQEEFIAIMTGDI	0.437730223	0.117647059	0.255417957	0.341620539	0.005970809	0.257220381	88.98
O15197	EPHB6	1021	SAM	948	1012	65	PCLDSPQAWLSAIGLECYQDNFSKFGLCTFSDVAQLSLEDLPALGITLAGHQKKLLHHIQLLQQH	0.330123693	0.015384615	0.004264564	0.157404135	0.000482781	0.090076964	80.26
O43291	SPINT2 HAI2 KOP	252	BPTI/Kunitz inhibitor	38	88	51	CLVSKVVGRCRASMPRWWYNVTDGSCQLFVYGGCDGNSNNYLTKEECLKKC	0.384809494	0	0.047410009	0.204844508	0.003219198	0.128049409	81.13
O43307	ARHGEF9 ARHDH9 KIAA0424	516	SH	8	67	60	DSIVSAEAVWDHVTMANRELAFKAGDVIKVLDASNKDWWWGQIDDEEGWFPASFVRLWVN	0.331431448	0.033333333	0.000219298	0.212059813	0.000986842	0.120052501	80.13
O43463	SUV39H1 KMT1A SUV39H	412	Chromo	43	101	59	FEVEYLCDYKKIREQEYYLVKWRGYPDSESTWEPRQNLKCVRILKQFHKDLERELLRRH	0.386452496	0.118644068	0.385557209	0.265211851	0.00240073	0.245526263	88.49
O43463	SUV39H1 KMT1A SUV39H	412	Post-SET	396	412	17	VRIECKCGTESCRKYLF	0.369803369	0.058823529	0.327773641	0.715086296	0.003574088	0.485652201	88.49
O43715	TRIAP1 15E1.1 HSPC132	76	CHCH	5	55	51	GEACTDMKREYDQCFNRWFAEKFLKGDSSGDPCTDLFKRYQQCVQKAIKEK	0.3007254	0	0.298823529	0.089184597	0.014117647	0.126838709	87.64
O43795	MYO1B	1136	IQ	728	748	21	KKSQIVIAAWYRRYAQQKRYQ	0.434485376	0.095238095	0.022336109	0.130744051	0.000854153	0.079547135	85.89
O43795	MYO1B	1136	IQ	779	808	30	CKEAVTTIAAYWHGTQARRELRRLKEEARN	0.445405632	0	0.002501507	-0.318707799	0.000391802	-0.179378767	85.89
O43897	TLL1 TLL	1013	EGF-like 2; calcium-binding	730	770	41	DKDECSKDNGGCQHECVNTMGSYMCQCRNGFVLHDNKHDCK	0.404217422	0.048780488	0.004039948	0.162995611	0.000451671	0.09317485	80.31
O43920	NDUFS5	106	CHCH	30	74	45	AGRCHAFEKEWIECAHGIGYTRAEKECKIEYDDFVECLLRQKTMR	0.379797965	0	0.793078324	0.09796541	0.007650273	0.252671404	94.4
O60884	DNAJA2 CPR3 HIRIP4	412	J	8	70	63	KLYDILGVPPGASENELKKAYRKLAKEYHPDKNPNAGDKFKEISFAYEVLSNPEKRELYDRYG	0.278569818	0.015873016	0.02656115	0.120331648	0.001227998	0.074777621	83.37
O60907	TBL1X TBL1	577	LisH	55	87	33	TSDEVNFLVYRYLQESGFSHSAFTFGIESHISQ	0.430934221	0.03030303	0.057040998	0.2327981	0.001281194	0.145859636	82.27
O60907	TBL1X TBL1	577	F-box-like	92	137	46	GTLVPPAALISILQKGLQYVEAEISINEDGTVFDGRPIESLSLIDA	0.413391739	0.195652174	0.047408499	-0.1920985	0.001351019	-0.096573113	82.27
O75340	PDCD6 ALG2	191	EF-hand	23	58	36	PDQSFLWNVFQRVDKDRSGVISDTELQQALSNGTWT	0.419368982	0.111111111	0.602150538	0.317392168	0.008243728	0.329599335	89.15
O75340	PDCD6 ALG2	191	EF-hand	90	125	36	KYITDWQNVFRTYDRDNSGMIDKNELKQALSGFGYR	0.413508952	0.055555556	0.77311828	0.510459381	0.011648746	0.481548081	89.15
O75340	PDCD6 ALG2	191	EF-hand	126	161	36	LSDQFHDILIRKFDRQGRGQIAFDDFIQGCIVLQRL	0.373624206	0.055555556	0.780286738	0.502860068	0.011827957	0.479058591	89.15
O75340	PDCD6 ALG2	191	EF-hand	162	191	30	TDIFRRYDTDQDGWIQVSYEQYLSMVFSIV	0.442136854	0.2	0.530227743	0.297317769	0.004347826	0.299763836	89.15
O75478	TADA2A TADA2L KL04P	443	SANT	70	122	53	VLDPSWTAQEEMALLEAVMDCGFGNWQDVANQMCTKTKEECEKHYMKHFINNP	0.38960892	0.188679245	0.033671988	0.134939402	0.000725689	0.084693447	84.43
O75531	BANF1 BAF BCRG1	89	HhH	20	35	16	VGSLAGIGEVLGKKLE	0.434385091	0.0625	0.976027397	0.578909863	0.036815068	0.575047258	96.78
O75746	SLC25A12 AGC1 ARALAR1	678	EF-hand	86	121	36	APDSMFIVAFQLFDKSGNGEVTFENVKEIFGQTIIH	0.320712775	0	0.181464174	0.607183221	0.003894081	0.388608364	82.84
O75838	CIB2 KIP2	187	EF-hand	103	138	36	PRELKANYAFKIYDFNTDNFICKEDLELTLARLTKS	0.421770751	0.138888889	0.398454746	0.440331781	0.011221486	0.349304197	88.61
O95199	RCBTB2 CHC1L RLG	551	BTB	394	457	64	ADLKFLVDGKYIYAHKVLLKIRCEHFRSSLEDNEDDIVEMSEFSYPVYRAFLEYLYTDSISLSP	0.332196712	0.015625	0.087268994	0.275780511	0.001828799	0.177713416	90.43
O95631	NTN1 NTN1L	604	Laminin EGF-like	285	340	56	CKCNGHAARCVRDRDDSLVCDCRHNTAGPECDRCKPFHYDRPWQRATAREANECVA	0.379197061	0.089285714	0.429940042	0.312026009	0.002248436	0.282910343	88.49
O95631	NTN1 NTN1L	604	Laminin EGF-like	341	403	63	CNCNLHARRCRFNMELYKLSGRKSGGVCLNCRHNTAGRHCHYCKEGYYRDMGKPITHRKACKA	0.401713908	0.126984127	0.265029487	0.019567213	0.001085585	0.076720763	88.49
O95631	NTN1 NTN1L	604	Laminin EGF-like	404	453	50	CDCHPVGAAGKTCNQTTGQCPCKDGVTGITCNRCAKGYQQSRSPIAPCIK	0.419791669	0.2	0.072166065	0.191231598	0.000685921	0.125999138	88.49
O95843	GUCA1C GCAP3	209	EF-hand	52	87	36	KANKHIDQVYNTFDTNKDGFVDFLEFIAAVNLIMQE	0.368293345	0	0.545921644	0.524382442	0.010597303	0.433100421	82.17
O95843	GUCA1C GCAP3	209	EF-hand	88	123	36	KMEQKLKWYFKLYDADGNGSIDKNELLDMFMAVQAL	0.360640675	0.027777778	0.561335902	0.550545332	0.012845215	0.452110136	82.17
O95843	GUCA1C GCAP3	209	EF-hand	130	165	36	SPEEFINLVFHKIDINNDGELTLEEFINGMAKDQDL	0.42510879	0	0.417790623	0.392492398	0.006904303	0.326243593	82.17
O95925	EPPIN SPINLW1 WAP7 WFDC7	133	WAP	26	73	48	DWLFPRRCPKIREECEFQERDVCTKDRQCQDNKKCCVFSCGKKCLDLK	0.426786453	0.166666667	0.491911765	0.167485628	0.009803922	0.217964919	89.63
O95965	ITGBL1 OSCP TIED	494	I-EGF	91	127	37	CHEWVCETYDGSTCAGHGKCDCGKCKCDQGWYGDACQ	0.26371032	0	0.045242179	0.223188803	0.001537643	0.137564031	84.46
O95965	ITGBL1 OSCP TIED	494	I-EGF	132	179	48	CDLTKKKSNQMCKNSQDIICSNAGTCHCGRCKCDNSDGSGLVYGKFCE	0.308242202	0.0625	0.063200673	-0.040791134	0.001214499	-0.007209313	84.46
O95965	ITGBL1 OSCP TIED	494	I-EGF	180	217	38	CDDRECIDDETEEICGGHGKCYCGNCYCKAGWHGDKCE	0.375023544	0.026315789	0.0625	0.206303911	0.001615882	0.13230138	84.46
O95965	ITGBL1 OSCP TIED	494	I-EGF	271	311	41	CDERDCRAVYDRYSDDFCSGHGQCNCGRCDCKAGWYGKKCE	0.260806561	0	0.010552953	0.243733757	0.001938298	0.140678614	84.46
O95965	ITGBL1 OSCP TIED	494	I-EGF	316	362	47	CTLSAEESIRKCQGSSDLPCSGRGKCECGKCTCYPPGDRRVYGKTCE	0.389188558	0	0.019515446	0.099350626	0.001999143	0.061327259	84.46
O95965	ITGBL1 OSCP TIED	494	I-EGF	363	399	37	CDDRRCEDLDGVVCGGHGTCSCGRCVCERGWFGKLCQ	0.297435224	0	0.05151103	0.261632262	0.002188184	0.160954643	84.46
O95965	ITGBL1 OSCP TIED	494	I-EGF	404	449	46	CNMTEEQSKNLCESADGILCSGKGSCHCGKCICSAEEWYISGEFCD	0.290929168	0	0.020623059	-0.000241138	0.000970497	0.005139136	84.46
O95965	ITGBL1 OSCP TIED	494	I-EGF	450	486	37	CDDRDCDKHDGLICTGNGICSCGNCECWDGWNGNACE	0.353887081	0.081081081	0.017860311	0.42470874	0.002188184	0.244781125	84.46
O95967	EFEMP2 FBLN4 UNQ200/PRO226	443	EGF-like 2; calcium-binding	123	163	41	DVDECAQALHDCRPSQDCHNLPGSYQCTCPDGYRKIGPECV	0.436751217	0.097560976	0.056364519	0.149651939	0.001395462	0.098736333	82.37
O95967	EFEMP2 FBLN4 UNQ200/PRO226	443	EGF-like 5; calcium-binding	243	282	40	DIDECSYSSYLCQYRCINEPGRFSCHCPQGYQLLATRLCQ	0.417697608	0.1	0.211290323	0.12929031	0.001736973	0.125562549	82.37
O95970	LGI1 EPT UNQ775/PRO1569	557	LRRCT	173	223	51	NSFNCDCKLKWLVEWLGHTNATVEDIYCEGPPEYKKRKINSLSSKDFDCII	0.345790982	0	0.183058204	0.272077497	0.001821282	0.199279742	92.56
O95980	RECK ST15	971	Kazal-like	627	673	47	TFTGLPCNCADQFVPVCGQNGRTYPSACIARCVGLQDHQFEFGSCMS	0.395429909	0.106382979	0.272750299	0.392408125	0.001335544	0.289329661	81.08
O95980	RECK ST15	971	Kazal-like	753	789	37	FCRATEPVCGHNGETYSSVCAAYSDRVAVDYYGDCQA	0.423027694	0.135135135	0.364778054	0.565365054	0.001620464	0.409834462	81.08
P00739	HPR	348	Sushi	34	87	54	FPKPPEIANGYVEHLFRYQCKNYYRLRTEGDGVYTLNDKKQWINKAVGDKLPEC	0.325247496	0.018518519	0.219513731	0.103876841	0.001448728	0.113181219	87.66
P00740	F9	461	EGF-like	130	171	42	LDVTCNIKNGRCEQFCKNSADNKVVCSCTEGYRLAENQKSCE	0.328245968	0	0.160472781	0.282333222	0.002443459	0.199611974	80.29
P00742	F10	488	EGF-like	125	165	41	TRKLCSLDNGDCDQFCHEEQNSVVCSCARGYTLADNGKACI	0.340031475	0	0.314563213	0.237803235	0.002073444	0.212443675	80.23
P00995	SPINK1 PSTI	79	Kazal-like	26	79	54	LGREAKCYNELNGCTKIYDPVCGTDGNTYPNECVLCFENRKRQTSILIQKSGPC	0.378725082	0.111111111	0.03037037	0.022528262	0.002222222	0.020645505	88.17
P02585	TNNC2	160	EF-hand	91	126	36	KSEEELAECFRIFDRNADGYIDPEELAEIFRASGEH	0.305263966	0	0.170922939	0.241804862	0.007840502	0.180303887	84.01
P02760	AMBP HCP ITIL	352	BPTI/Kunitz inhibitor	287	337	51	CNLPIVRGPCRAFIQLWAFDAVKGKCVLFPYGGCQGNGNKFYSEKECREYC	0.354345769	0.019607843	0.159924435	0.206437495	0.002279982	0.156564877	81.48
P03973	SLPI WAP4 WFDC4	132	WAP	82	130	49	TRRKPGKCPVTYGQCLMLNPPNFCEMDGQCKRDLKCCMGMCGKSCVSPV	0.434448987	0.163265306	0.036882223	0.10504124	0.004671748	0.069331827	85.02
P04070	PROC	461	EGF-like	136	176	41	SFLNCSLDNGGCTHYCLEEVGWRRCSCAPGYKLGDDLLQCH	0.461313486	0.195121951	0.414227642	0.303284676	0.002787456	0.274191324	82.75
P04271	S100B	92	EF-hand	49	84	36	KEQEVVDKVMETLDNDGDGECDFQEFMAFVAMVTTA	0.346703976	0.027777778	0.848710317	0.325272694	0.021329365	0.397399112	91.41
P05106	ITGB3 GP3A	788	I-EGF	549	585	37	CDDFSCVRYKGEMCSGHGQCSCGDCLCDSDWTGYYCN	0.284678429	0	0.06816137	0.267364651	0.000935689	0.16807186	86.99
P05106	ITGB3 GP3A	788	I-EGF	586	625	40	CTTRTDTCMSSNGLLCSGRGKCECGSCVCIQPGSYGDTCE	0.396744251	0.125	0.040040107	0.202853329	0.001002674	0.124689537	86.99
P05107	ITGB2 CD18 MFI7	769	I-EGF	449	482	34	CRDQSRDRSLCHGKGFLECGICRCDTGYIGKNCE	0.424255401	0.058823529	0.057863145	0.270495239	0.001360544	0.167376429	85.83
P05107	ITGB2 CD18 MFI7	769	I-EGF	575	613	39	CERTTEGCLNPRRVECSGRGRCRCNVCECHSGYQLPLCQ	0.435652018	0.076923077	0.075904461	0.200904035	0.001053741	0.132456231	85.83
P05109	S100A8 CAGA CFAG MRP8	93	EF-hand	12	47	36	IIDVYHKYSLIKGNFHAVYRDDLKKLLETECPQYIR	0.359691083	0	0.790935673	0.308065772	0.019980507	0.373154627	93.04
P05156	CFI IF	583	Kazal-like	55	108	54	IEGTCVCKLPYQCPKNGTAVCATNRRSFPTYCQQKSLECLHPGTKFLNNGTCTA	0.39424327	0.055555556	0.421970174	0.335479956	0.002030386	0.29415249	84.77
P05156	CFI IF	583	LDL-receptor class A	213	257	45	VCYTQKADSPMDDFFQCVNGKYISQMKACDGINDCGDQSDELCCK	0.391839147	0.133333333	0.495497728	0.497635339	0.00338703	0.40418528	84.77
P05160	F13B	661	Sushi	89	148	60	KKCTKPDLSNGYISDVKLLYKIQENMRYGCASGYKTTGGKDEEVVQCLSDGWSSQPTCRK	0.378697932	0.133333333	0.016638935	0.144391027	0.000499168	0.085784091	80.59
P05160	F13B	661	Sushi	211	269	59	LKCSSLRLIENGYFHPVKQTYEEGDVVQFFCHENYYLSGSDLIQCYNFGWYPESPVCEG	0.386237055	0.016949153	0.001520356	0.039667625	0.000309702	0.02284565	80.59
P05556	ITGB1 FNRB MDF2 MSK12	798	I-EGF	555	591	37	CDNFNCDRSNGLICGGNGVCKCRVCECNPNYTGSACD	0.329697281	0.027027027	0.045779025	0.185843125	0.000852364	0.116468177	85.87
P05556	ITGB1 FNRB MDF2 MSK12	798	I-EGF	592	631	40	CSLDTSTCEASNGQICNGRGICECGVCKCTDPKFQGQTCE	0.38486439	0	0.016754617	0.067942388	0.000593668	0.042636855	85.87
P05937	CALB1 CAB27	261	EF-hand	11	46	36	ITASQFFEIWLHFDADGSGYLEGKELQNLIQELQQA	0.395106763	0.055555556	0.202839506	0.541327668	0.009259259	0.357682972	82.63
P05937	CALB1 CAB27	261	EF-hand	98	133	36	KSCEEFMKTWRKYDTDHSGFIETEELKNFLKDLLEK	0.417059332	0.083333333	0.126296296	0.457975724	0.008641975	0.291567519	82.63
P05937	CALB1 CAB27	261	EF-hand	186	221	36	MCGKEFNKAFELYDQDGNGYIDENELDALLKDLCEK	0.431878328	0.166666667	0.168765432	0.350184034	0.005679012	0.240601016	82.63
P05976	MYL1	194	EF-hand	50	85	36	EQQDEFKEAFLLFDRTGDSKITLSQVGDVLRALGTN	0.352592647	0.138888889	0.672995781	0.363902485	0.009317862	0.373577302	87.85
P05976	MYL1	194	EF-hand	127	162	36	ATYEDFVEGLRVFDKEGNGTVMGAELRHVLATLGEK	0.36591804	0	0.597222222	0.29000456	0.007032349	0.312681514	87.85
P06702	S100A9 CAGB CFAG MRP14	114	EF-hand	12	47	36	IETIINTFHQYSVKLGHPDTLNQGEFKELVRKDLQN	0.37989983	0	0.922364672	0.343281953	0.018518519	0.425241341	94.32
P06702	S100A9 CAGB CFAG MRP14	114	EF-hand	54	89	36	KNEKVIEHIMEDLDTNADKQLSFEEFIMLMARLTWA	0.388586879	0.083333333	0.913461538	0.234764264	0.017450142	0.361529986	94.32
P06703	S100A6 CACY	90	EF-hand	48	83	36	LQDAEIARLMEDLDRNKDQEVNFQEYVTFLGALALI	0.422221363	0.055555556	0.597736626	0.298373651	0.019547325	0.319877409	87.19
P07225	PROS1 PROS	676	EGF-like 4; calcium-binding	243	283	41	DIDECSENMCAQLCVNYPGGYTCYCDGKKGFKLAQDQKSCE	0.37285319	0.024390244	0.250086422	0.276136875	0.001382754	0.218047256	82.91
P07384	CAPN1 CANPL1 PIG30	714	EF-hand	541	576	36	EEIDENFKALFRQLAGEDMEISVKELRTILNRIISK	0.417701155	0.055555556	0.086447067	0.335371491	0.002130449	0.211235712	89.92
P07384	CAPN1 CANPL1 PIG30	714	EF-hand	615	650	36	NRIRNYLSIFRKFDLDKSGSMSAYEMRMAIESAGFK	0.451913357	0.194444444	0.161217634	0.575433074	0.003195674	0.365538034	89.92
P07911	UMOD	640	EGF-like	28	64	37	EARWCSECHSNATCTEDEAVTTCTCQEGFTGDGLTCV	0.342786342	0	0.03240554	0.095283849	0.000582672	0.061948503	82.95
P07948	LYN JTK8	512	SH	63	123	61	EQGDIVVALYPYDGIHPDDLSFKKGEKMKVLEEHGEWWKAKSLLTKKEGFIPSNYVAKLNT	0.302659363	0.016393443	0.081494675	0.203545662	0.001308567	0.135377186	83.15
P07996	THBS1 TSP TSP1	1170	VWFC	316	373	58	PLCYHNGVQYRNNEEWTVDSCTECHCQNSVTICKKVSCPIMPCSNATVPDGECCPRCW	0.355783105	0.068965517	0.00044964	0.042006868	0.000108534	0.023865238	84.24
P08590	MYL3	195	EF-hand	49	86	38	EQIEEFKEAFMLFDRTPKCEMKITYGQCGDVLRALGQN	0.358152211	0	0.655883339	0.324173499	0.008380825	0.346728426	88.4
P08590	MYL3	195	EF-hand	128	163	36	GTYEDFVEGLRVFDKEGNGTVMGAELRHVLATLGER	0.363193929	0	0.629105521	0.336678248	0.00698812	0.346919052	88.4
P08590	MYL3	195	EF-hand	163	195	33	RLTEDEVEKLMAGQEDSNGCINYEAFVKHIMSS	0.459902972	0.181818182	0.622334456	0.353644918	0.007108118	0.354855207	88.4
P08709	F7	466	EGF-like	147	188	42	DQLICVNENGGCEQYCSDHTGTKRSCRCHEGYSLLADGVSCT	0.418016255	0.071428571	0.32945867	0.26450241	0.002302336	0.23125069	82.13
P09486	SPARC ON	303	Kazal-like	89	151	63	NTPMCVCQDPTSCPAPIGEFEKVCSNDNKTFDSSCHFFATKCTLEGTKKGHKLHLDYIGPCKY	0.398179471	0.19047619	0.567460317	0.22068551	0.003373016	0.265480765	84.32
P09486	SPARC ON	303	EF-hand	261	296	36	PMEHCTTRFFETCDLDNDKYIALDEWAGCFGIKQKD	0.385202497	0.166666667	0.729192676	0.635635312	0.00801082	0.540742565	84.32
P0DP23	CALM1 CALM CAM CAM1	149	EF-hand	8	43	36	EQIAEFKEAFSLFDKDGDGTITTKELGTVMRSLGQN	0.389367968	0	0.244100295	0.280431244	0.010324484	0.220667104	85.24
P0DP23	CALM1 CALM CAM CAM1	149	EF-hand	81	116	36	DSEEEIREAFRVFDKDGNGYISAAELRHVMTNLGEK	0.315301567	0	0.200589971	0.274123069	0.009587021	0.206218029	85.24
P0DP24	CALM2 CAM2 CAMB	149	EF-hand	8	43	36	EQIAEFKEAFSLFDKDGDGTITTKELGTVMRSLGQN	0.389367968	0	0.241396264	0.277646482	0.010324484	0.218425818	85.83
P0DP24	CALM2 CAM2 CAMB	149	EF-hand	81	116	36	DSEEEIREAFRVFDKDGNGYISAAELRHVMTNLGEK	0.315301567	0	0.200344149	0.26766837	0.009587021	0.202510407	85.83
P0DP25	CALM3 CALML2 CAM3 CAMC CAMIII	149	EF-hand	8	43	36	EQIAEFKEAFSLFDKDGDGTITTKELGTVMRSLGQN	0.389367968	0	0.243608653	0.276974318	0.010078663	0.218546537	85.48
P0DP25	CALM3 CALML2 CAM3 CAMC CAMIII	149	EF-hand	81	116	36	DSEEEIREAFRVFDKDGNGYISAAELRHVMTNLGEK	0.315301567	0	0.20280236	0.274907301	0.009832842	0.207253549	85.48
P0DPK3	NOTCH2NLB	275	EGF-like	26	63	38	LQCRDGYEPCVNEGMCVTYHNGTGYCKCPEGFLGEYCQ	0.403690636	0.131578947	0.113257828	0.136786028	0.002109705	0.105653304	85.54
P0DPK4	NOTCH2NLC	293	EGF-like	42	81	40	PPRMCRDGYEPCVNEGMCVTYHNGTGYCKCPEGFLGEYCQ	0.437095881	0.2	0.068280632	0.130766919	0.001778656	0.091081234	80.79
P10916	MYL2 MLC2	166	EF-hand	24	59	36	TQIQEFKEAFTIMDQNRDGFIDKNDLRDTFAALGRV	0.357437283	0	0.270726496	0.277892703	0.009188034	0.225596984	83.51
P10916	MYL2 MLC2	166	EF-hand	94	129	36	DPEETILNAFKVFDPEGKGVLKADYVREMLTTQAER	0.39978227	0.138888889	0.211324786	0.247085315	0.008974359	0.19347863	83.51
P10916	MYL2 MLC2	166	EF-hand	130	165	36	FSKEEVDQMFAAFPPDVTGNLDYKNLVHIITHGEEK	0.377351552	0	0.214957265	0.286147914	0.009188034	0.216486178	83.51
P12829	MYL4 MLC1 PRO1957	197	EF-hand	51	88	38	DQIEEFKEAFSLFDRTPTGEMKITYGQCGDVLRALGQN	0.319079041	0	0.642171466	0.336923299	0.007778881	0.350432667	90.28
P12829	MYL4 MLC1 PRO1957	197	EF-hand	130	165	36	GTYEDFVEGLRVFDKESNGTVMGAELRHVLATLGEK	0.365002245	0	0.564699793	0.318088224	0.006556246	0.320426713	90.28
P12956	XRCC6 G22P1	609	SAP	573	607	35	LGKFTVPMLKEACRAYGLKSGLKKQELLEALTKHF	0.355652243	0	0.018367347	0.188633621	0.001194624	0.111338126	84.41
P13497	BMP1 PCOLC	986	EGF-like 2; calcium-binding	704	743	40	KDECSKDNGGCQQDCVNTFGSYECQCRSGFVLHDNKHDCK	0.353848994	0	0.002536998	0.156842276	0.000581395	0.089351245	81.45
P13796	LCP1 PLS2	627	EF-hand	9	44	36	EEMMELREAFAKVDTDGNGYISFNELNDLFKAACLP	0.398845881	0.083333333	0.063686783	0.432441263	0.002914082	0.260604882	89.62
P13796	LCP1 PLS2	627	EF-hand	49	84	36	RVREITENLMATGDLDQDGRISFDEFIKIFHGLKST	0.402005464	0	0.054803534	0.368801644	0.002679075	0.222410389	89.62
P13797	PLS3	630	EF-hand	12	47	36	DELDELKEAFAKVDLNSNGFICDYELHELFKEANMP	0.421408564	0.027777778	0.067386831	0.570856679	0.003133184	0.339764476	88.76
P13797	PLS3	630	EF-hand	52	87	36	KVREIIQKLMLDGDRNKDGKISFDEFVYIFQEVKSS	0.295342058	0	0.062055743	0.388366954	0.00261878	0.235244809	88.76
P14598	NCF1 NOXO2 SH3PXD1A	390	SH3	226	285	60	YAGEPYVAIKAYTAVEGDEVSLLEGEAVEVIHKLLDGWWVIRKDDVTGYFPSMYLQKSGQ	0.335671812	0.133333333	0.332424242	0.403627499	0.003636364	0.310838325	82.6
P14649	MYL6B MLC1SA	208	EF-hand	64	99	36	DQLEEFKEAFELFDRVGDGKILYSQCGDVMRALGQN	0.307693452	0	0.460755814	0.363704792	0.009205426	0.321021308	81.94
P14649	MYL6B MLC1SA	208	EF-hand	141	176	36	GTYEDYLEGFRVFDKEGNGKVMGAELRHVLTTLGEK	0.350923896	0	0.4000323	0.284713301	0.006782946	0.260939404	81.94
P14854	COX6B1 COX6B	86	CHCH	27	73	47	TRNCWQNYLDFHRCQKAMTAKGGDISVCEWYQRVYQSLCPTSWVTDW	0.363155961	0.021276596	0.844517185	0.240928431	0.019639935	0.348392976	95.03
P15498	VAV1 VAV	845	SH3	782	842	61	KYFGTAKARYDFCARDRSELSLKEGDIIKILNKKGQQGWWRGEIYGRVGWFPANYVEEDYS	0.360396177	0	0.00023001	0.03762881	0.00014637	0.021344461	86.4
P16581	SELE ELAM1	610	EGF-like	140	175	36	TAACTNTSCSGHGECVETINNYTCKCDPGFSGLKCE	0.450767159	0.138888889	0.059233449	0.271129529	0.001645374	0.168126531	83.02
P18084	ITGB5	799	I-EGF	500	549	50	CQDGENQSVYQNLCREAEGKPLCSGRGDCSCNQCSCFESEFGKIYGPFCE	0.334450573	0.06	0.020774366	0.135753336	0.000667557	0.081956736	82.16
P18084	ITGB5	799	I-EGF	550	586	37	CDNFSCARNKGVLCSGHGECHCGECKCHAGYIGDNCN	0.318299592	0	0.042810527	0.506791564	0.000886713	0.297077249	82.16
P18084	ITGB5	799	I-EGF	587	626	40	CSTDISTCRGRDGQICSERGHCLCGQCQCTEPGAFGEMCE	0.410025507	0.075	0.018873518	0.408400113	0.000922266	0.235580287	82.16
P18564	ITGB6	788	I-EGF	539	575	37	CDNFSCVRHKGLLCGGNGDCDCGECVCRSGWTGEYCN	0.324028552	0	0.038831108	0.187431788	0.000899701	0.115658488	82.88
P18564	ITGB6	788	I-EGF	576	615	40	CTTSTDSCVSEDGVLCSGRGDCVCGKCVCTNPGASGPTCE	0.419759452	0.2	0.01861631	0.160117968	0.000735294	0.095202381	82.88
P19105	MYL12A MLCB MRLC3 RLC	171	EF-hand	97	132	36	DPEDVIRNAFACFDEEATGTIQEDYLRELLTTMGDR	0.382007301	0	0.227777778	0.272158648	0.008436214	0.211608319	83.42
P19174	PLCG1 PLC1	1290	SH	791	851	61	TFKCAVKALFDYKAQREDELTFIKSAIIQNVEKQEGGWWRGDYGGKKQLWFPSNYVEEMVN	0.379817039	0	0.000480198	0.140252117	0.000240099	0.079405954	82.75
P19883	FST	344	Kazal-like	112	166	55	NKPRCVCAPDCSNITWKGPVCGLDGKTYRNECALLKARCKEQPELEVQYQGRCKK	0.401033401	0.181818182	0.513620635	0.229978556	0.003334382	0.25742571	88.38
P19883	FST	344	Follistatin-like	167	190	24	TCRDVFCPGSSTCVVDQTNNAYCV	0.411827356	0.083333333	0.558463542	0.675757018	0.003645833	0.520424981	88.38
P20472	PVALB	110	EF-hand	39	74	36	KSADDVKKVFHMLDKDKSGFIEEDELGFILKGFSPD	0.330544323	0	0.836711712	0.420204107	0.024024024	0.448575606	95.75
P21128	ENDOU	410	SMB	20	62	43	KIESCASRCNEKFNRDAACQCDRRCLWHGNCCEDYEHLCTEDH	0.284079194	0	0.001077245	0.035336525	0.000316837	0.020290465	85.37
P21128	ENDOU	410	SMB	86	130	45	APTSCQGRCYEAFDKHHQCHCNARCQEFGNCCKDFESLCSDHEVS	0.31196171	0	0.000547945	0.112401736	0.000608828	0.063756174	85.37
P21709	EPHA1 EPH EPHT EPHT1	976	SAM	913	976	64	IPYRTVSEWLESIRMKRYILHFHSAGLDTMECVLELTAEDLTQMGITLPGHQKRILCSIQGFKD	0.324666083	0.015625	0.000171327	0.191321467	0.000428317	0.108219042	80.38
P21912	SDHB SDH SDH1	280	4Fe-4S ferredoxin-type	176	206	31	EREKLDGLYECILCACCSTSCPSYWWNGDKY	0.400881439	0.096774194	0.848296411	0.57502601	0.01114134	0.53650234	91.34
P21941	MATN1 CMP CRTM	496	EGF-like	223	263	41	VSDLCATGDHDCEQVCISSPGSYTCACHEGFTLNSDGKTCN	0.380447119	0.048780488	0.003645135	0.130985067	0.000804074	0.075057273	83.11
P22413	ENPP1 M6S1 NPPS PC1 PDNP1	925	SMB	104	144	41	EVKSCKGRCFERTFGNCRCDAACVELGNCCLDYQETCIEPE	0.310691208	0	0.060478976	0.230097971	0.000827723	0.145098445	90.66
P22413	ENPP1 M6S1 NPPS PC1 PDNP1	925	SMB	145	189	45	HIWTCNKFRCGEKRLTRSLCACSDDCKDKGDCCINYSSVCQGEKS	0.33920306	0.022222222	0.187222222	0.214410627	0.001186869	0.167607838	90.66
P22891	PROZ	400	Gla	41	86	46	AGSYLLEELFEGNLEKECYEEICVYEEAREVFENEVVTDEFWRRYK	0.403562248	0.108695652	0.006448047	0.114422309	0.00104397	0.066436494	85.16
P22891	PROZ	400	EGF-like	125	166	42	AKNECHPERTDGCQHFCLPGQESYTCSCAQGYRLGEDHKQCV	0.429210842	0.071428571	0.453245544	0.403370179	0.00292631	0.340403021	85.16
P22914	CRYGS CRYG8	178	Beta/gamma crystallin 'Greek key'	6	44	39	TKITFYEDKNFQGRRYDCDCDCADFHTYLSRCNSIKVEG	0.389107794	0	0.770522044	0.347237858	0.01180594	0.388716045	95.32
P23219	PTGS1 COX1	599	EGF-like	31	69	39	PVNPCCYYPCQHQGICVRFGLDRYQCDCTRTGYSGPNCT	0.450617433	0.102564103	0.715247253	0.239211179	0.001510989	0.312102942	93.94
P23743	DGKA DAGK DAGK1	735	EF-hand	110	145	36	RPEDKLEFTFKLYDTDRNGILDSSEVDKIILQMMRV	0.370945871	0.083333333	0.057741218	0.500423577	0.002622794	0.297491864	82.46
P24071	FCAR CD89	287	Ig-like C2-type	42	107	66	DGSVKIQCQAIREAYLTQLMIIKNSTYREIGRRLKFWNETDPEFVIDHMDANKAGRYQCQYRIGHY	0.361501545	0.166666667	0.309886192	0.231041139	0.005210476	0.208054492	83.58
P24844	MYL9 MLC2 MRLC1 MYRL2	172	EF-hand	98	133	36	DPEDVIRNAFACFDEEASGFIHEDHLRELLTTMGDR	0.39352715	0.027777778	0.218137255	0.2727866	0.008986928	0.209684886	83.78
P25791	LMO2 RBTN2 RBTNL1 RHOM2 TTG2	158	LIM zinc-binding	30	89	60	CGGCQQNIGDRYFLKAIDQYWHEDCLSCDLCGCRLGEVGRRLYYKLGRKLCRRDYLRLFG	0.339766085	0.133333333	0.188945578	0.08711409	0.003231293	0.09649327	90.44
P25791	LMO2 RBTN2 RBTNL1 RHOM2 TTG2	158	LIM zinc-binding	94	153	60	CASCDKRIRAYEMTMRVKDKVYHLECFKCAACQKHFCVGDRYLLINSDIVCEQDIYEWTK	0.260687262	0	0.180782313	0.114669944	0.005102041	0.110395831	90.44
P25800	LMO1 RBTN1 RHOM1 TTG1	156	LIM zinc-binding	24	83	60	CAGCNRKIKDRYLLKALDKYWHEDCLKCACCDCRLGEVGSTLYTKANLILCRRDYLRLFG	0.251490414	0	0.282986111	0.20876456	0.008333333	0.189407879	88.18
P25800	LMO1 RBTN1 RHOM1 TTG1	156	LIM zinc-binding	88	147	60	CAACSKLIPAFEMVMRARDNVYHLDCFACQLCNQRFCVGDKFFLKNNMILCQMDYEEGQL	0.387952328	0	0.185243056	0.169858645	0.007638889	0.143153642	88.18
P25815	S100P S100E	95	EF-hand	49	84	36	KDKDAVDKLLKDLDANGDAQVDFSEFIVFVAAITSA	0.368176579	0.138888889	0.710922787	0.311230899	0.016478343	0.354524836	87.1
P26010	ITGB7	798	PSI	44	92	49	SCQPAPSCQKCILSHPSCAWCKQLNFTASGEAEARRCARREELLARGCP	0.420633703	0.142857143	0.110787172	0.343070474	0.00166208	0.221510058	83
P26010	ITGB7	798	I-EGF	561	597	37	CDDASCERHEGILCGGFGRCQCGVCHCHANRTGRACE	0.432951748	0.108108108	0.019000604	0.333398614	0.000710303	0.193196193	83
P26447	S100A4 CAPL MTS1	101	EF-hand	50	85	36	TDEAAFQKLMSNLDSNRDNEVDFQEYCVFLSCIAMM	0.418992847	0.166666667	0.62008547	0.32385264	0.017948718	0.339494263	86.41
P27482	CALML3	149	EF-hand	8	43	36	EQVTEFKEAFSLFDKDGDGCITTRELGTVMRSLGQN	0.37061286	0	0.224926254	0.262331911	0.010324484	0.205704993	83.22
P27482	CALML3	149	EF-hand	81	116	36	DNEEEIREAFRVFDKDGNGFVSAAELRHVMTRLGEK	0.307216763	0	0.19567355	0.204891181	0.009832842	0.165933625	83.22
P28331	NDUFS1	727	4Fe-4S Mo/W bis-MGD-type	245	301	57	TRKTESIDVMDAVGSNIVVSTRTGEVMRILPRMHEDINEEWISDKTRFAYDGLKRQR	0.371385455	0.140350877	0.895627128	0.607016662	0.003613511	0.564860041	92.73
P28676	GCA GCL	217	EF-hand	48	83	36	SSAGDSVYTYFSAVAGQDGEVDAEELQRCLTQSGIN	0.397017181	0	0.394720688	0.373979055	0.007673419	0.310229105	81.32
P28676	GCA GCL	217	EF-hand	89	122	34	FSLETCRIMIAMLDRDHTGKMGFNAFKELWAALN	0.428506911	0.058823529	0.638379942	0.503474368	0.011250402	0.444246689	81.32
P29317	EPHA2 ECK	976	SAM	904	968	65	VPFRTVSEWLESIKMQQYTEHFMAAGYTAIEKVVQMTNDDIKRIGVRLPGHQKRIAYSLLGLKDQ	0.329895586	0.015384615	0.001030144	0.189068181	0.000455966	0.107163234	82.23
P29320	EPHA3 ETK ETK1 HEK TYRO4	983	SAM	911	975	65	TTFRTTGDWLNGVWTAHCKEIFTGVEYSSCDTIAKISTDDMKKVGVTVVGPQKKIISSIKALETQ	0.279733926	0.015384615	0.000486006	0.112066037	0.000368694	0.063506301	80.77
P31689	DNAJA1 DNAJ2 HDJ2 HSJ2 HSPF4	397	J	6	68	63	TYYDVLGVKPNATQEELKKAYRKLALKYHPDKNPNEGEKFKQISQAYEVLSDAKKRELYDKGG	0.343368322	0.158730159	0.025330292	0.149437158	0.00142572	0.090955186	83.26
P31949	S100A11 MLN70 S100C	105	EF-hand	13	49	37	CIESLIAVFQKYAGKDGYNYTLSKTEFLSFMNTELAA	0.386733741	0	0.666136725	0.315524888	0.018680445	0.346300576	89.16
P33764	S100A3 S100E	101	EF-hand	12	47	36	IVCTFQEYAGRCGDKYKLCQAELKELLQKELATWTP	0.401123583	0	0.550854701	0.323218913	0.017094017	0.321876378	81.54
P33764	S100A3 S100E	101	EF-hand	50	85	36	FRECDYNKFMSVLDTNKDCEVDFVEYVRSLACLCLY	0.318952054	0	0.48974359	0.242577032	0.016239316	0.261059442	81.54
P35243	RCVRN RCV1	200	EF-hand	25	60	36	EEELCSWYQSFLKDCPTGRITQQQFQSIYAKFFPDT	0.365986228	0	0.245426829	0.380581996	0.008638211	0.2772646	83.73
P35243	RCVRN RCV1	200	EF-hand	61	96	36	DPKAYAQHVFRSFDSNLDGTLDFKEYVIALHMTTAG	0.378017932	0	0.362296748	0.666519253	0.010840108	0.468097775	83.73
P35243	RCVRN RCV1	200	EF-hand	97	132	36	KTNQKLEWAFSLYDVDGNGTISKNEVLEIVMAIFKM	0.381398588	0.111111111	0.549119241	0.611980452	0.011686992	0.483586875	83.73
P35243	RCVRN RCV1	200	EF-hand	147	182	36	TPEKRAEKIWKYFGKNDDDKLTEKEFIEGTLANKEI	0.431424797	0.166666667	0.382283198	0.42948563	0.009823848	0.33892039	83.73
P35354	PTGS2 COX2	604	EGF-like	18	55	38	ANPCCSHPCQNRGVCMSVGFDQYKCDCTRTGFYGENCS	0.398507982	0	0.586246978	0.27079762	0.001487818	0.298081881	93.02
P35442	THBS2 TSP2	1172	VWFC	318	375	58	SACWQDGRFFAENETWVVDSCTTCTCKKFKTICHQITCPPATCASPSFVEGECCPSCL	0.314820975	0.017241379	0.000479787	0.035819254	7.74E-05	0.020370857	84.1
P35442	THBS2 TSP2	1172	EGF-like	648	692	45	PENPCKDKTHNCHKHAECIYLGHFSDPMYKCECQTGYAGDGLICG	0.372441977	0.088888889	0.294133885	0.528214659	0.000985902	0.371276716	84.1
P35590	TIE1 TIE	1138	EGF-like	305	345	41	ACAPGHFGADCRLQCQCQNGGTCDRFSGCVCPSGWHGVHCE	0.434165597	0.097560976	0.101362919	0.311394919	0.000956044	0.20115355	80.8
P36980	CFHR2 CFHL2 FHR2 HFL3	270	Sushi	206	268	63	PCVISQEIMEKYNIKLKWTNQQKLYSRTGDIVEFVCKSGYHPTKSHSFRAMCQNGKLVYPSCE	0.428549737	0.19047619	0.167701863	0.103419493	0.001686987	0.10016984	90.65
P37235	HPCAL1 BDR1	193	EF-hand	41	58	18	GHLTVDEFKKIYANFFPY	0.420052111	0.055555556	0.325079365	0.38847323	0.00984127	0.301622296	86.73
P37235	HPCAL1 BDR1	193	EF-hand	60	95	36	DASKFAEHVFRTFDTNGDGTIDFREFIIALSVTSRG	0.341456562	0	0.502830856	0.324628884	0.013623496	0.310162135	86.73
P37235	HPCAL1 BDR1	193	EF-hand	96	131	36	KLEQKLKWAFSMYDLDGNGYISRSEMLEIVQAIYKM	0.355182469	0	0.618188252	0.188232786	0.013446568	0.26155853	86.73
P41208	CETN2 CALT CEN2	172	EF-hand	28	63	36	EQKQEIREAFDLFDADGTGTIDVKELKVAMRALGFE	0.438522249	0.111111111	0.192197712	0.338560658	0.01000817	0.240631135	85.43
P41208	CETN2 CALT CEN2	172	EF-hand	64	99	36	PKKEEIKKMISEIDKEGTGKMNFGDFLTVMTQKMSE	0.387563318	0.138888889	0.167892157	0.31967932	0.010620915	0.22407429	85.43
P41208	CETN2 CALT CEN2	172	EF-hand	101	136	36	DTKEEILKAFKLFDDDETGKISFKNLKRVAKELGEN	0.359535098	0	0.240604575	0.233890999	0.008169935	0.193105522	85.43
P41240	CSK	450	SH	9	70	62	PSGTECIAKYNFHGTAEQDLPFCKGDVLTIVAVTKDPNWYKAKNKVGREGIIPANYVQKREG	0.363473088	0.161290323	0.041029265	0.154690216	0.001330229	0.097782953	91.21
P43034	PAFAH1B1 LIS1 MDCR MDS PAFAHA	410	LisH	7	39	33	QRDELNRAIADYLRSNGYEEAYSVFKKEAELDV	0.396858513	0	0.031428342	0.242488036	0.002250623	0.145189407	90.25
P43631	KIR2DS2 CD158J NKAT5	304	Ig-like C2-type	42	107	66	EETVILQCWSDVRFEHFLLHREGKYKDTLHLIGEHHDGVSKANFSIGPMMQDLAGTYRCYGSVTHS	0.376421928	0.045454545	0.347720907	0.279252493	0.004392666	0.244486151	80.62
P45974	USP5 ISOT	858	UBA	654	695	42	MLDESVIIQLVEMGFPMDACRKAVYYTGNSGAEAAMNWVMSH	0.400882483	0.023809524	0.012313259	0.263039319	0.000729458	0.151794999	80.64
P45974	USP5 ISOT	858	UBA	722	762	41	PPPEDCVTTIVSMGFSRDQALKALRATNNSLERAVDWIFSH	0.339844257	0.12195122	0.048870048	0.190186455	0.000597068	0.119637901	80.64
P46721	SLCO1A2 OATP OATP1 OATP1A2 SLC21A3	670	Kazal-like	433	488	56	NDIFADCNVDCNCPSKIWDPVCGNNGLSYLSACLAGCETSIGTGINMVFQNCSCIQ	0.394670904	0.107142857	0.186569335	0.474547368	0.002762913	0.314718553	80.17
P48059	LIMS1 PINCH PINCH1	325	LIM zinc-binding	10	62	53	CERCKGGFAPAEKIVNSNGELYHEQCFVCAQCFQQFPEGLFYEFEGRKYCEHD	0.316259563	0	0.021503885	0.112053866	0.001803552	0.068959158	88.05
P48059	LIMS1 PINCH PINCH1	325	LIM zinc-binding	71	121	51	CHQCGEFIIGRVIKAMNNSWHPECFRCDLCQEVLADIGFVKNAGRHLCRPC	0.300889015	0	0.033705453	0.262987971	0.002218406	0.157328292	88.05
P48059	LIMS1 PINCH PINCH1	325	LIM zinc-binding	252	303	52	CFHCNRVIEGDVVSALNKAWCVNCFACSTCNTKLTLKNKFVEFDMKPVCKKC	0.374101758	0.096153846	0.011200338	0.160456183	0.001761059	0.093753545	88.05
P48307	TFPI2	235	BPTI/Kunitz inhibitor	36	86	51	CLLPLDYGPCRALLLRYYYDRYTQSCRQFLYGGCEGNANNFYTWEACDDAC	0.39760536	0.176470588	0.603473998	0.215734609	0.004049446	0.271705378	84
P48307	TFPI2	235	BPTI/Kunitz inhibitor	158	208	51	CYSPKDEGLCSANVTRYYFNPRYRTCDAFTYTGCGGNDNNFVSREDCKRAC	0.39239794	0	0.475490196	0.201364967	0.00341006	0.231854966	84
P48740	MASP1 CRARF CRARF1 PRSS5	699	EGF-like; calcium-binding	139	182	44	DVDECKEREDEELSCDHYCHNYIGGYYCSCRFGYILHTDNRTCR	0.396008849	0	0.159160305	0.168602658	0.000971548	0.134754777	90.46
P50238	CRIP1 CRIP CRP1	77	LIM zinc-binding	2	63	62	PKCPKCNKEVYFAERVTSLGKDWHRPCLKCEKCGKTLTSGGHAEHEGKPYCNHPCYAAMFGP	0.383037865	0.096774194	0.044086022	0.039711099	0.006451613	0.03453247	81.83
P51451	BLK	505	SH	58	118	61	EDKHFVVALYDYTAMNDRDLQMLKGEKLQVLKGTGDWWLARSLVTGREGYVPSNFVARVES	0.335149527	0.049180328	0.007236745	0.191719107	0.001107665	0.110315905	81.55
P51800	CLCNKA	687	CBS	551	609	59	MNHSITTLAKDTPLEEVVKVVTSTDVTEYPLVESTESQILVGIVQRAQLVQALQAEPPS	0.38842693	0.169491525	0.108010364	0.289698276	0.001565368	0.190650809	87.16
P51801	CLCNKB	687	CBS	551	609	59	MNHSITTLAKDMPLEEVVKVVTSTDVAKYPLVESTESQILVGIVRRAQLVQALKAEPPS	0.360814571	0.186440678	0.11826622	0.298036941	0.001538378	0.197890305	87.22
P51970	NDUFA8	172	CHCH	75	118	44	KRHCAEPFTEYWTCIDYTGQQLFRHCRKQQAKFDECVLDKLGWV	0.410528362	0	0.616299716	0.205134595	0.006214489	0.269289186	93.92
P54108	CRISP3	245	ShKT	207	240	34	CKYEDLYSNCKSLKLTLTCKHQLVRDSCKASCNC	0.354827434	0	0.539169222	0.173785848	0.003066629	0.231937262	92.5
P54619	PRKAG1	331	CBS	198	260	63	IGTYANIAMVRTTTPVYVALGIFVQHRVSALPVVDEKGRVVDIYSKFDVINLAAEKTYNNLDV	0.411726415	0.079365079	0.723939825	0.431939577	0.00533049	0.423855799	86.58
P54619	PRKAG1	331	CBS	272	329	58	YFEGVLKCYLHETLETIINRLVEAEVHRLVVVDENDVVKGIVSLSDILQALVLTGGEK	0.351244003	0.155172414	0.673108501	0.489858737	0.005873437	0.444126319	86.58
P54753	EPHB3 ETK2 HEK2 TYRO6	998	SAM	925	989	65	TTFTTVGDWLDAIKMGRYKESFVSAGFASFDLVAQMTAEDLLRIGVTLAGHQKKILSSIQDMRLQ	0.356301188	0.107692308	0.003924479	0.195337416	0.00056064	0.111439826	82.09
P54760	EPHB4 HTK MYK1 TYRO11	987	SAM	907	971	65	SAFGSVGEWLRAIKMGRYEESFAAAGFGSFELVSQISAEDLLRIGVTLAGHQKKILASVQHMKSQ	0.392726749	0.184615385	0.002135825	0.114525135	0.000266978	0.065284175	81.98
P54762	EPHB1 ELK EPHT2 HEK6 NET	984	SAM	911	975	65	TAFTTVDDWLSAIKMVQYRDSFLTAGFTSLQLVTQMTSEDLLRIGITLAGHQKKILNSIHSMRVQ	0.421396285	0.169230769	0.004101448	0.154660253	0.000401775	0.088471232	83.63
P54764	EPHA4 HEK8 SEK TYRO1	986	SAM	911	975	65	SAVVSVGDWLQAIKMDRYKDNFTAAGYTTLEAVVHVNQEDLARIGITAITHQNKILSSVQAMRTQ	0.345005572	0	0.002271778	0.195820123	0.000484423	0.111290086	83.52
P55000	SLURP1 ARS	103	UPAR/Ly	24	73	50	KCYTCKEPMTSASCRTITRCKPEDTACMTTLVTVEAEYPFNQSPVVTRSC	0.461279303	0.2	0.348679245	0.226694639	0.021132075	0.218157943	84.2
P55008	AIF1 G1 IBA1	147	EF-hand	45	80	36	SKLEGFKEKYMEFDLNGNGDIDIMSLKRMLEKLGVP	0.444191098	0.055555556	0.611611612	0.451377688	0.015015015	0.40890427	86.8
P57075	UBASH3A STS2	661	SH	276	341	66	VHYQTLRALFQYKPQNVDELTLSPGDYIFVDPTQQDEASEGWVIGISQRTGCRGFLPENYTDRASE	0.431300402	0.166666667	0.190679908	0.207314929	0.001044054	0.16442611	82.24
P57727	TMPRSS3 ECHOS1 TADG12 UNQ323/PRO382	454	LDL-receptor class A	72	108	37	DCSGKYRCRSSFKCIELIARCDGVSDCKDGEDEYRCV	0.387835145	0.108108108	0.291788191	0.331607242	0.002333269	0.259866096	86.62
P59910	DNAJB13 TSARG3 TSARG6	316	J	4	68	65	DYYSVLGITRNSEDAQIKQAYRRLALKHHPLKSNEPSSAEIFRQIAEAYDVLSDPMKRGIYDKFG	0.317656606	0.138461538	0.08703647	0.288716759	0.003371131	0.185253378	86.23
P60660	MYL6	151	EF-hand	7	42	36	DQTAEFKEAFQLFDRTGDGKILYSQCGDVMRALGQN	0.278161794	0	0.719806763	0.342028603	0.013043478	0.373477562	95.28
P60660	MYL6	151	EF-hand	84	119	36	GTYEDYVEGLRVFDKEGNGTVMGAEIRHVLVTLGEK	0.380577564	0.027777778	0.716908213	0.28434761	0.009661836	0.339539491	95.28
P61086	UBE2K HIP2 LIG	200	UBA	160	200	41	PEYTKKIENLCAMGFDRNAVIVALSSKSWDVETATELLLSN	0.311883092	0	0.820984814	0.180801034	0.003528148	0.305595597	96.69
P61601	NCALD	193	EF-hand	60	95	36	DASKFAEHVFRTFDANGDGTIDFREFIIALSVTSRG	0.34710747	0	0.430113234	0.551331199	0.013977353	0.420353861	86.32
P61601	NCALD	193	EF-hand	96	131	36	KLEQKLKWAFSMYDLDGNGYISKAEMLEIVQAIYKM	0.340432584	0	0.536270347	0.456416899	0.013269639	0.392815746	86.32
P61968	LMO4	165	LIM zinc-binding	23	83	61	CAGCGGKIADRFLLYAMDSYWHSRCLKCSCCQAQLGDIGTSCYTKSGMILCRNDYIRLFGN	0.338881403	0	0.182692308	0.091759121	0.002522068	0.09744053	85.31
P62166	NCS1 FLUP FREQ	190	EF-hand	24	59	36	EKEVQQWYKGFIKDCPSGQLDAAGFQKIYKQFFPFG	0.277438432	0	0.286435786	0.343310066	0.009379509	0.266473795	87.8
P62166	NCS1 FLUP FREQ	190	EF-hand	60	95	36	DPTKFATFVFNVFDENKDGRIEFSEFIQALSVTSRG	0.31690371	0	0.49963925	0.637347728	0.014790765	0.486278234	87.8
P62166	NCS1 FLUP FREQ	190	EF-hand	96	131	36	TLDEKLRWAFKLYDLDNDGYITRNEMLDIVDAIYQM	0.307254344	0	0.599386724	0.569076941	0.014790765	0.472342866	87.8
P62701	RPS4X CCG2 RPS4 SCAR	263	S4 RNA-binding	42	104	63	LPLIIFLRNRLKYALTGDEVKKICMQRFIKIDGKVRTDITYPAGFMDVISIDKTGENFRLIYD	0.285597622	0.142857143	0.919365079	0.408064946	0.006190476	0.458797488	95.57
P62760	VSNL1 VISL1	191	EF-hand	60	95	36	DASKFAQHAFRTFDKNGDGTIDFREFICALSITSRG	0.416718364	0	0.43046595	0.558524656	0.013978495	0.424505499	86.44
P62760	VSNL1 VISL1	191	EF-hand	96	131	36	SFEQKLNWAFNMYDLDGDGKITRVEMLEIIEAIYKM	0.410344988	0.111111111	0.536379928	0.523122742	0.014336918	0.430731195	86.44
P63098	PPP3R1 CNA2 CNB	170	EF-hand	50	85	36	QQNPLVQRVIDIFDTDGNGEVDFKEFIEGVSQFSVK	0.417526931	0.194444444	0.763888889	0.511282599	0.013266998	0.480036153	91.14
P63098	PPP3R1 CNA2 CNB	170	EF-hand	87	122	36	DKEQKLRFAFRIYDMDKDGYISNGELFQVLKMMVGN	0.318289548	0	0.823175788	0.473029073	0.013474295	0.473105539	91.14
P63098	PPP3R1 CNA2 CNB	170	EF-hand	128	163	36	QLQQIVDKTIINADKDGDGRISFEEFCAVVGGLDIH	0.338804662	0	0.669361526	0.381866611	0.010364842	0.383025158	91.14
P78357	CNTNAP1 CASPR NRXN4	1384	EGF-like	957	996	40	CTGHCAHPRLPCFHGGRCVERYSYYTCDCDLTAFDGPYCN	0.45661658	0.05	0.010416667	0.281220522	0.000483631	0.16155295	81.14
P78539	SRPX ETX1	464	Sushi	57	117	61	CSPIKVKYGDVYCRAPQGGYYKTALGTRCDIRCQKGYELHGSSLLICQSNKRWSDKVICKQ	0.368706167	0.06557377	0.034210633	0.099698458	0.000894927	0.064947007	85.23
P80511	S100A12	92	EF-hand	49	84	36	KDKAVIDEIFQGLDANQDEQVDFQEFISLVAIALKA	0.379452258	0.138888889	0.873015873	0.294081019	0.017361111	0.385037224	90.48
P84074	HPCA BDR2	193	EF-hand	24	59	36	ELELQEWYKGFLKDCPTGILNVDEFKKIYANFFPYG	0.314481825	0	0.26910828	0.346616509	0.010084926	0.264193954	86.35
P84074	HPCA BDR2	193	EF-hand	60	95	36	DASKFAEHVFRTFDTNSDGTIDFREFIIALSVTSRG	0.365489423	0	0.434713376	0.643139237	0.013269639	0.473229295	86.35
P84074	HPCA BDR2	193	EF-hand	96	131	36	RLEQKLMWAFSMYDLDGNGYISREEMLEIVQAIYKM	0.395694673	0.111111111	0.528131635	0.548770732	0.013446568	0.443018485	86.35
Q01449	MYL7 MYL2A MYLC2A	175	EF-hand	32	67	36	AQIQEFKEAFSCIDQNRDGIICKADLRETYSQLGKV	0.361492485	0	0.248001599	0.278632211	0.008393285	0.220253138	82.9
Q02763	TEK TIE2 VMCM VMCM1	1124	EGF-like	210	252	43	RCEAQKWGPECNHLCTACMNNGVCHEDTGECICPPGFMGRTCE	0.352420628	0	0.269152163	0.443949642	0.001505927	0.31759374	83.96
Q02763	TEK TIE2 VMCM VMCM1	1124	EGF-like	254	299	46	ACELHTFGRTCKERCSGQEGCKSYVFCLPDPYGCSCATGWKGLQCN	0.352645308	0	0.273675083	0.485956138	0.002339276	0.342600408	83.96
Q02763	TEK TIE2 VMCM VMCM1	1124	EGF-like	301	341	41	ACHPGFYGPDCKLRCSCNNGEMCDRFQGCLCSPGWQGLQCE	0.407006383	0.073170732	0.198950521	0.308037886	0.001103529	0.223388544	83.96
Q06187	BTK AGMX1 ATK BPK	659	SH	214	274	61	SELKKVVALYDYMPMNANDLQLRKGDEYFILEESNLPWWRARDKNGQEGYIPSNYVTEAED	0.43233043	0.196721311	0.034102747	0.30390605	0.001343275	0.180381489	84.45
Q12798	CETN1 CEN1 CETN	172	EF-hand	28	63	36	DQKQEVREAFDLFDVDGSGTIDAKELKVAMRALGFE	0.44051227	0.194444444	0.237745098	0.331138739	0.009599673	0.247611565	86.14
Q12798	CETN1 CEN1 CETN	172	EF-hand	101	136	36	DTKEEILKAFRLFDDDETGKISFKNLKRVANELGEN	0.372419655	0.027777778	0.247344771	0.257482305	0.008169935	0.208099439	86.14
Q12841	FSTL1 FRP	308	EF-hand	193	228	36	LRGLCVDALIELSDENADWKLSFQEFLKCLNPSFNP	0.364902675	0	0.407271242	0.511834599	0.00806781	0.391291226	86.91
Q13619	CUL4A	759	Cullin neddylation	691	751	61	DRQYQIDAAIVRIMKMRKTLGHNLLVSELYNQLKFPVKPGDLKKRIESLIDRDYMERDKDN	0.389256954	0.049180328	0.066513223	0.196368944	0.001174315	0.127596816	88.57
Q13641	TPBG 5T4	420	LRRCT	283	346	64	GLPHIRVFLDNNPWVCDCHMADMVTWLKETEVVQGKDRLTCAYPEKMRNRVLLELNSADLDCDP	0.384868503	0.140625	0.342872191	0.230874513	0.002370084	0.215576737	82.16
Q13643	FHL3 SLIM2	280	LIM zinc-binding	40	92	53	CAECQQLIGHDSRELFYEDRHFHEGCFRCCRCQRSLADEPFTCQDSELLCNDC	0.289406747	0	0.05743496	0.152093483	0.002909151	0.100663264	91.39
Q13643	FHL3 SLIM2	280	LIM zinc-binding	162	212	51	CARCSKTLTQGGVTYRDQPWHRECLVCTGCQTPLAGQQFTSRDEDPYCVAC	0.415944725	0.078431373	0.093501156	0.185470937	0.002397466	0.128334191	91.39
Q13643	FHL3 SLIM2	280	LIM zinc-binding	221	275	55	CSSCKRPIVGLGGGKYVSFEDRHWHHNCFSCARCSTSLVGQGFVPDGDQVLCQGC	0.438448638	0.127272727	0.059555556	0.115480546	0.002262626	0.080379842	91.39
Q13822	ENPP2 ATX PDNP2	863	SMB	55	98	44	ISGSCKGRCFELQEAGPPDCRCDNLCKSYTSCCHDFDELCLKTA	0.287032157	0	0.308580309	0.329839039	0.001359751	0.262832667	91.4
Q13822	ENPP2 ATX PDNP2	863	SMB	99	143	45	RGWECTKDRCGEVRNEENACHCSEDCLARGDCCTNYQVVCKGESH	0.330398291	0.022222222	0.465444173	0.356072795	0.001059495	0.316343965	91.4
Q13882	PTK6 BRK	451	SH	8	72	65	HLGPKYVGLWDFKSRTDEELSFRAGDVFHVARKEEQWWWATLLDEAGGAVAQGYVPHNYLAERET	0.343563378	0	0.038381825	0.170476084	0.001235552	0.106030347	88.79
Q14192	FHL2 DRAL SLIM3	279	LIM zinc-binding	40	92	53	CEECGKPIGCDCKDLSYKDRHWHEACFHCSQCRNSLVDKPFAAKEDQLLCTDC	0.302996844	0	0.082150609	0.143025251	0.002421105	0.101553214	92.08
Q14192	FHL2 DRAL SLIM3	279	LIM zinc-binding	101	153	53	CQECKKTIMPGTRKMEYKGSSWHETCFICHRCQQPIGTKSFIPKDNQNFCVPC	0.357504696	0	0.06177993	0.078333233	0.002838537	0.060048726	92.08
Q14192	FHL2 DRAL SLIM3	279	LIM zinc-binding	162	212	51	CVQCKKPITTGGVTYREQPWHKECFVCTACRKQLSGQRFTARDDFAYCLNC	0.323503196	0	0.062177503	0.146462	0.00249398	0.098575248	92.08
Q14192	FHL2 DRAL SLIM3	279	LIM zinc-binding	221	275	55	CAGCTNPISGLGGTKYISFEERQWHNDCFNCKKCSLSLVGRGFLTERDDILCPDC	0.411998242	0.090909091	0.037418831	0.083846798	0.002029221	0.056995357	92.08
Q14651	PLS1	629	EF-hand	51	86	36	KVREIVEKILSVADSNKDGKISFEEFVSLMQELKSK	0.364904284	0.027777778	0.030447817	0.375297275	0.002154769	0.219966513	87.32
Q14954	KIR2DS1 CD158H	304	Ig-like C2-type	42	107	66	EETVILQCWSDVMFEHFLLHREGMFNDTLRLIGEHHDGVSKANFSISRMKQDLAGTYRCYGSVTHS	0.412740022	0.181818182	0.298319328	0.284462504	0.00451999	0.235251427	80.9
Q15063	POSTN OSF2	836	EMI	40	94	55	GPNVCALQQILGTKKKYFSTCKNWYKKSICGQKTTVLYECCPGYMRMEGMKGCPA	0.332061112	0	0.063508323	0.284518764	0.00135025	0.176692154	80.4
Q15375	EPHA7 EHK3 HEK11	998	SAM	923	987	65	TTFCSVGEWLQAIKMERYKDNFTAAGYNSLESVARMTIEDVMSLGITLVGHQKKIMSSIQTMRAQ	0.410989761	0.138461538	0.004353203	0.208577783	0.000610108	0.119035779	81.92
Q15582	TGFBI BIGH3	683	EMI	45	99	55	GPNVCAVQKVIGTNRKYFTNCKQWYQRKICGKSTVISYECCPGYEKVPGEKGCPA	0.328217864	0.090909091	0.082368269	0.28460666	0.001476549	0.18142384	90.24
Q16820	MEP1B	701	EGF-like	604	644	41	VQDLCSKTTCKNDGVCTVRDGKAECRCQSGEDWWYMGERCE	0.397101521	0	0.006356245	0.112143828	0.000665188	0.065055646	89.82
Q2TAY7	SMU1	513	CTLH	40	92	53	TVDSIESFVADINSGHWDTVLQAIQSLKLPDKTLIDLYEQVVLELIELRELGA	0.303559691	0	0.046021329	0.391291274	0.003035275	0.233014434	82.92
Q2TBA0	KLHL40 KBTBD5 SRYP	621	BTB	33	98	66	LDCVVRAGEREFPCHRLVLAACSPYFRARFLAEPERAGELHLEEVSPDVVAQVLHYLYTSEIALDE	0.383579642	0.060606061	0.075402675	0.243779295	0.001419601	0.156625228	89.42
Q2VPA4	CR1L	569	Sushi	348	410	63	KSCDDFLGQLPNGHVLFPLNLQLGAKVDFVCDEGFQLKGSSASYCVLAGMESLWNSSVPVCER	0.393737048	0.142857143	0.029267834	0.103305589	0.000564653	0.065702403	83.22
Q53H47	SETMAR	684	Pre-SET	73	136	64	PGCICVKTPCLPGTCSCLRHGENYDDNSCLRDIGSGGKYAEPVFECNVLCRCSDHCRNRVVQKG	0.383686423	0.0625	0.174949597	0.210030353	0.001184476	0.162101197	82.81
Q5JVL4	EFHC1	640	EF-hand	574	609	36	SCKDNIREAFQIYDKEASGYVDRDMFFKICESLNVP	0.267626047	0	0.037757542	0.263985331	0.001655629	0.158787428	83.89
Q5K651	SAMD9 C7orf5 DRIF1 KIAA2004 OEF1	1589	SAM	14	78	65	WTKEDVNQWLESHKIDQKHREILTEQDVNGAVLKWLKKEHLVDMGITHGPAIQIEELFKELRKTA	0.379547656	0.061538462	0.006531395	0.118771641	0.000252372	0.068766425	83.56
Q5TD97	FHL5 ACT	284	LIM zinc-binding	39	100	62	NYCEECKKPIESDSKDLCYKDRHWHEGCFKCTKCNHSLVEKPFAAKDERLLCTECYSNECSS	0.274184465	0	0.042138913	0.109893328	0.001743679	0.07282411	89.77
Q5TD97	FHL5 ACT	284	LIM zinc-binding	101	160	60	KCFHCKRTIMPGSRKMEFKGNYWHETCFVCENCRQPIGTKPLISKESGNYCVPCFEKEFA	0.311892182	0	0.022544643	0.10782453	0.0015625	0.066781573	89.77
Q5TD97	FHL5 ACT	284	LIM zinc-binding	161	220	60	HYCNFCKKVITSGGITFCDQLWHKECFLCSGCRKDLCEEQFMSRDDYPFCVDCYNHLYAN	0.222163752	0	0.0390625	0.143542032	0.001190476	0.090972305	89.77
Q5TD97	FHL5 ACT	284	LIM zinc-binding	223	283	61	VACSKPISGLTGAKFICFQDSQWHSECFNCGKCSVSLVGKGFLTQNKEIFCQKCGSGMDTD	0.337254345	0.032786885	0.025362052	0.055309047	0.001764317	0.037843966	89.77
Q5VV63	ATRNL1 KIAA0534	1379	EGF-like	207	245	39	SINSCPNNCSGHGKCTTSVSVPSQVYCECDKYWKGEACD	0.409333378	0	0.05401837	0.28356735	0.000650593	0.173679751	80.47
Q5VV63	ATRNL1 KIAA0534	1379	PSI	666	709	44	RCYRYADCASCTANTNGCQWCDDKKCISANSNCSMSVKNYTKCH	0.241749808	0	0.068130746	0.211028648	0.000749064	0.136199555	80.47
Q5VV63	ATRNL1 KIAA0534	1379	PSI	715	760	46	ICNKLTSCKSCSLNLNCQWDQRQQECQALPAHLCGEGWSHIGDACL	0.366714656	0	0.05849832	0.227417342	0.001060048	0.143138112	80.47
Q5VV63	ATRNL1 KIAA0534	1379	PSI	889	939	51	PCSLRTSCSNCTSNGMECMWCSSTKRCVDSNAYIISFPYGQCLEWQTATCS	0.425202042	0.156862745	0.170077368	0.430863058	0.000841602	0.285604118	80.47
Q5VV63	ATRNL1 KIAA0534	1379	Laminin EGF-like	1014	1059	46	CQCNGHSTCINNNVCEQCKNLTTGKQCQDCMPGYYGDPTNGGQCTA	0.31403476	0	0.044065364	0.235797004	0.000684954	0.144237539	80.47
Q5VV63	ATRNL1 KIAA0534	1379	Laminin EGF-like	1060	1108	49	CTCSGHANICHLHTGKCFCTTKGIKGDQCQLCDSENRYVGNPLRGTCYY	0.333104044	0	0.051618843	0.194846421	0.000705846	0.122970075	80.47
Q5W0Z9	ZDHHC20	365	DHHC	126	176	51	RYCEKCQLIKPDRAHHCSACDSCILKMDHHCPWVNNCVGFSNYKFFLLFLL	0.354647994	0.117647059	0.772324216	0.668497509	0.008555014	0.570064962	85.39
Q5XUX0	FBXO31 FBX14 FBX31 PP2386	539	F-box	64	110	47	RCSLLELPPELLVEIFASLPGTDLPSLAQVCTKFRRILHTDTIWRRR	0.365532011	0.127659574	0.428818544	0.16672516	0.001167618	0.20033624	83.06
Q6NUK1	SLC25A24 APC1 MCSC1 SCAMC1	477	EF-hand	19	54	36	EQPTRYETLFQALDRNGDGVVDIGELQEGLRNLGIP	0.432950824	0.111111111	0.091773747	0.370276953	0.002456538	0.232333966	81.34
Q6PH85	DCUN1D2 C13orf17 DCUN1L2	259	UBA-like	8	45	38	QKDKVRQFMACTQAGERTAIYCLTQNEWRLDEATDSFF	0.352630973	0	0.048821148	0.240080637	0.004048583	0.148461469	93.79
Q7L5N7	LPCAT2 AGPAT11 AYTL1	544	EF-hand	428	463	36	NTEEIIQVAFKLFDVDEDGYITEEEFSTILQASLGV	0.335943818	0.027777778	0.062937445	0.431456368	0.003007437	0.259880788	81.6
Q7Z3S9	NOTCH2NLA N2N NOTCH2NL	236	EGF-like	1	24	24	MCVTYHNGTGYCKCPEGFLGEYCQ	0.405393034	0	0.074488994	0.136288773	0.002555031	0.095879729	87.94
Q7Z3V4	UBE3B	1068	IQ	29	58	30	RERAAVVIQAHVRSFLCRSRLQRDIRREID	0.403322607	0	0.050867052	0.215404275	0.000995504	0.134453736	84.71
Q7Z4I7	LIMS2 PINCH2	341	LIM zinc-binding	13	74	62	AVCQRCQARFSPAERIVNSNGELYHEHCFVCAQCFRPFPEGLFYEFEGRKYCEHDFQMLFAP	0.333520383	0	0.005029483	0.093692401	0.000867152	0.054340647	86.74
Q7Z4I7	LIMS2 PINCH2	341	LIM zinc-binding	76	133	58	CGSCGEFIIGRVIKAMNNNWHPGCFRCELCDVELADLGFVKNAGRHLCRPCHNREKAK	0.341924936	0.068965517	0.01285488	0.263023969	0.001827708	0.152125479	86.74
Q7Z4I7	LIMS2 PINCH2	341	LIM zinc-binding	196	255	60	PICGACRRPIEGRVVNALGKQWHVEHFVCAKCEKPFLGHRHYEKKGLAYCETHYNQLFGD	0.417651057	0.183333333	0.005575326	0.107182991	0.000771056	0.062079683	86.74
Q7Z4I7	LIMS2 PINCH2	341	LIM zinc-binding	256	315	60	VCYNCSHVIEGDVVSALNKAWCVSCFSCSTCNSKLTLKNKFVEFDMKPVCKRCYEKFPLE	0.313799948	0.05	0.004329775	0.111389858	0.001423488	0.064270916	86.74
Q86SG5	S100A7A S100A15 S100A7L1	101	EF-hand	50	85	36	KGIHYLATVFEKKDKNEDKKIDFSEFLSLLGDIAAD	0.356317759	0.027777778	0.941452991	0.402830196	0.025213675	0.464852907	94.76
Q86TJ2	TADA2B ADA2B	420	SANT	65	118	54	EAEGGWTSREEQLLLDAIEQFGFGNWEDMAAHVGASRTPQEVMEHYVSMYIHGN	0.357004583	0.092592593	0.071544222	0.169063557	0.001517911	0.113476182	86.67
Q86XK2	FBXO11 FBX11 PRMT9 VIT1 UG063H01	927	F-box	153	199	47	QYLQEKLPDEVVLKIFSYLLEQDLCRAACVCKRFSELANDPILWKRL	0.340782255	0.127659574	0.152538685	0.207796305	0.001015474	0.155271861	82.54
Q8IVI9	NOSTRIN	506	SH	438	497	60	LSSRLCKALYSFQARQDDELNLEKGDIVIIHEKKEGGWWFGSLNGKKGHFPAAYVEELPS	0.333504945	0	0.000261584	0.04136922	0.000224215	0.023480149	86.53
Q8IVQ6	ZDHHC21	265	DHHC	90	140	51	ELCNKCNLMRPKRSHHCSRCGHCVRRMDHHCPWINNCVGEDNHWLFLQLCF	0.387568116	0.156862745	0.773960051	0.565522057	0.010078798	0.51257283	87.98
Q8IXB1	DNAJC10 ERDJ5 UNQ495/PRO1012	793	J	35	100	66	DFYSLLGVSKTASSREIRQAFKKLALKLHPDKNPNNPNAHGDFLKINRAYEVLKDEDLRKKYDKYG	0.310235381	0.060606061	0.129298487	0.315739532	0.00127131	0.210567297	89.34
Q8IXI2	RHOT1 ARHT1	618	EF-hand	184	219	36	ACIKALTRIFKISDQDNDGTLNDAELNFFQRICFNT	0.411180884	0.138888889	0.657836961	0.556996375	0.003531882	0.477849143	92.41
Q8N1E6	FBXL14 FBL14	418	F-box	2	48	47	ETHISCLFPELLAMIFGYLDVRDKGRAAQVCTAWRDAAYHKSVWRGV	0.352108598	0	0.126455239	0.096753459	0.00080289	0.086050289	91.86
Q8N3E9	PLCD3 KIAA1964	789	EF-hand	218	253	36	MNDMYAYLLFKECDHSNNDRLEGAEIEEFLRRLLKR	0.404211074	0.111111111	0.09133835	0.353837045	0.00143869	0.222747538	85.22
Q8N807	PDILT	584	Thioredoxin	388	451	64	LVKQLVGKNFNVVVFDKEKDVFVMFYAPWSKKCKMLFPLLEELGRKYQNHSTIIIAKIDVTAND	0.225663826	0	0.275360577	0.407857647	0.002794471	0.298976199	84.66
Q8NDN9	RCBTB1 CLLD7 E4.5	531	BTB	470	499	30	ENAFSLFSAAVRYDAEDLEEFCFKFCINHL	0.427081227	0.166666667	0.160412508	0.480004533	0.003659348	0.311508749	93.22
Q8NF37	LPCAT1 AYTL2 PFAAP3	534	EF-hand	451	486	36	VAELTVTDLFRAIDQEEKGKITFADFHRFAEMYPAF	0.343489289	0	0.182507809	0.354449046	0.00295627	0.245895962	82.27
Q8TAP4	LMO3 RBTN3 RBTNL2 RHOM3	145	LIM zinc-binding	11	73	63	KGCAGCNRKIKDRYLLKALDKYWHEDCLKCACCDCRLGEVGSTLYTKANLILCRRDYLRLFGV	0.267941535	0.015873016	0.174022455	0.066756846	0.00232288	0.081135543	88.31
Q8TAP4	LMO3 RBTN3 RBTNL2 RHOM3	145	LIM zinc-binding	75	137	63	GNCAACSKLIPAFEMVMRAKDNVYHLDCFACQLCNQRFCVGDKFFLKNNMILCQTDYEEGLMK	0.313837767	0	0.201897019	0.111359193	0.003097174	0.113365679	88.31
Q8WTX7	CASTOR1 GATSL3	329	ACT	260	321	62	GELWRMVRIGGQPLGFDECGIVAQIAGPLAAADISAYYISTFNFDHALVPEDGIGSVIEVLQ	0.25189051	0	0.721396641	0.537846407	0.006765736	0.483333383	88.07
Q8WXH4	ASB11	323	SOCS box	273	323	51	SVEQALLLREGPPALSQLCRLCVRKCLGRACHQAIHKLHLPEPLERFLLYQ	0.394171685	0.156862745	0.206170704	0.214163378	0.003171857	0.172519609	87.68
Q92496	CFHR4 CFHL4 FHR4	578	Sushi	20	85	66	EVKPCDFPEIQHGGLYYKSLRRLYFPAAAGQSYSYYCDQNFVTPSGSYWDYIHCTQDGWSPTVPCL	0.420805961	0.166666667	0.028349905	0.060910262	0.000295928	0.041472063	87.56
Q92882	OSTF1	214	SH	12	71	60	GQVKVFRALYTFEPRTPDELYFEEGDIIYITDMSDTNWWKGTSKGRTGLIPSNYVAEQAE	0.327473521	0.033333333	0.353246753	0.129232672	0.002705628	0.16077436	90.21
Q969Q1	TRIM63 IRF MURF1 RNF28 SMRZ	353	COS	267	325	59	LDEPGGATFLLTAKQLIKSIVEASKGCQLGKTEQGFENMDFFTLDLEHIADALRAIDFG	0.365786821	0.050847458	0.03862562	0.156471047	0.002190707	0.098356332	82.77
Q969Q6	PPP2R3C C14orf10 G5PR	453	EF-hand	341	376	36	KEPAALQYIFKLLDIENKGYLNVFSLNYFFRAIQEL	0.45160234	0.138888889	0.449773515	0.553916144	0.00532907	0.425053216	89.91
Q96A32	MYL11 HSRLC MYLPF	169	EF-hand	25	60	36	TQIQEFKEAFTVIDQNRDGIIDKEDLRDTFAAMGRL	0.365684003	0	0.269005848	0.287370973	0.008980785	0.230488451	84.14
Q96A32	MYL11 HSRLC MYLPF	169	EF-hand	131	166	36	FSQEEIKNMWAAFPPDVGGNVDYKNICYVITHGDAK	0.364213407	0	0.248329156	0.301703505	0.008563074	0.233401077	84.14
Q96BP2	CHCHD1 C10orf34 MRPS37	118	CHCH	42	84	43	EATCITEMSVMMACWKQNEFRDDACRKEIQGFLDCAARAQEAR	0.408791244	0.046511628	0.215503876	0.067729908	0.00372093	0.092192669	92.37
Q96BS2	TESC CHP3	214	EF-hand	110	145	36	SRKEKLRFLFHMYDSDSDGRITLEEYRNVVEELLSG	0.373875976	0	0.702247191	0.560428052	0.01232834	0.492402305	86.31
Q96CW9	NTNG2 KIAA1857 LMNT2 UNQ9381/PRO34206	530	Laminin EGF-like	353	408	56	CECYGHSNRCSYIDFLNVVTCVSCKHNTRGQHCQHCRLGYYRNGSAELDDENVCIE	0.388516366	0.053571429	0.040385775	0.103278364	0.000489753	0.068419146	84.48
Q96CW9	NTNG2 KIAA1857 LMNT2 UNQ9381/PRO34206	530	Laminin EGF-like	409	453	45	CNCNQIGSVHDRCNETGFCECREGAAGPKCDDCLPTHYWRQGCYP	0.336717069	0	0.054341352	0.24170861	0.000824742	0.150141905	84.48
Q96D15	RCN3 UNQ239/PRO272	328	EF-hand	75	112	38	ESQARLGRIVDRMDRAGDGDGWVSLAELRAWIAHTQQR	0.415859699	0	0.355444646	0.440880266	0.006624319	0.338130926	82.52
Q96D15	RCN3 UNQ239/PRO272	328	EF-hand	200	235	36	MRDIVIAETLEDLDRNKDGYVQVEEYIADLYSAEPG	0.35872516	0	0.285388128	0.461505562	0.005612633	0.332291073	82.52
Q96DA6	DNAJC19 TIM14 TIMM14	116	J	62	116	55	EAALILGVSPTANKGKIRDAHRRIMLLNHPDKGGSPYIAAKINEAKDLLEGQAKK	0.419852108	0.2	0.221460507	0.124222174	0.008643815	0.126502667	87.5
Q96FQ6	S100A16 S100F AAG13	103	EF-hand	54	89	36	GNRKAADKLIQNLDANHDGRISFDEYWTLIGGITGP	0.412229896	0.027777778	0.314676617	0.369248772	0.021144279	0.290304661	81.1
Q96GG9	DCUN1D1 DCN1 DCUN1L1 RP42 SCCRO	259	UBA-like	8	45	38	QKDKVRQFMIFTQSSEKTAVSCLSQNDWKLDVATDNFF	0.382015347	0.131578947	0.063110264	0.208160736	0.003691355	0.133889335	92.05
Q96GR4	ZDHHC12 ZNF400 PSEC0008	267	DHHC	97	147	51	RRCRYCLVLQPLRARHCRECRRCVRRYDHHCPWMENCVGERNHPLFVVYLA	0.294389039	0.058823529	0.741285403	0.454457943	0.009168482	0.441580739	87.81
Q96IV0	NGLY1 PNG1	654	PUB	30	91	62	EASKLLLTYADNILRNPNDEKYRSIRIGNTAFSTRLLPVRGAVECLFEMGFEEGETHLIFPK	0.357354194	0.129032258	0.057296207	0.278937775	0.001634699	0.172057695	85.5
Q96LZ3	PPP3R2 CBLP PPP3RL	170	EF-hand	87	122	36	DEEQKLRFAFSIYDMDKDGYISNGELFQVLKMMVGN	0.320853144	0	0.76907131	0.479779236	0.012645108	0.463400517	91.66
Q96LZ3	PPP3R2 CBLP PPP3RL	170	EF-hand	128	163	36	QLQQLVDKTIIILDKDGDGKISFEEFSAVVRDLEIH	0.318939686	0	0.557835821	0.361846687	0.010157546	0.344128287	91.66
Q96MV8	ZDHHC15 UNQ1969/PRO4501	337	DHHC	129	179	51	RFCDRCHLIKPDRCHHCSVCAMCVLKMDHHCPWVNNCIGFSNYKFFLQFLA	0.371874899	0.196078431	0.828328534	0.665530044	0.009461127	0.582390853	88.9
Q96PH1	NOX5	765	EF-hand	26	56	31	RWLRWVTQQFKTIAGEDGEISLQEFKAALHV	0.478802651	0.161290323	0.042234332	0.318207246	0.001582139	0.190514834	80.32
Q96PH1	NOX5	765	EF-hand	57	92	36	KESFFAERFFALFDSDRSGTITLQELQEALTLLIHG	0.40343067	0.027777778	0.064167048	0.471765807	0.002286237	0.282824468	80.32
Q96Q77	CIB3 KIP3	187	EF-hand	103	138	36	PRDLKAYYAFKIYDFNNDDYICAWDLEQTVTKLTRG	0.301733524	0	0.426416483	0.450669997	0.011405445	0.362086238	85.06
Q99435	NELL2 NRP2	816	VWFC	272	331	60	RTCTMKGTTYREFESWIDGCKNCTCLNGTIQCETLICPNPDCPLKSALAYVDGKCCKECK	0.276860833	0	0.003262787	0.138769629	0.000529101	0.079309691	80.95
Q99435	NELL2 NRP2	816	EGF-like 2; calcium-binding	440	481	42	DIDECAEGRHYCRENTMCVNTPGSFMCICKTGYIRIDDYSCT	0.408305496	0.119047619	0.01168943	0.441943482	0.000522948	0.252683148	80.95
Q99435	NELL2 NRP2	816	EGF-like 3; calcium-binding	482	522	41	EHDECITNQHNCDENALCFNTVGGHNCVCKPGYTGNGTTCK	0.378437191	0	0.016459481	0.476949075	0.000377655	0.27361234	80.95
Q99435	NELL2 NRP2	816	VWFC	638	693	56	GDCIHDGKVKHNGQIWVLENDRCSVCSCQNGFVMCRRMVCDCENPTVDLFCCPECD	0.378270656	0.142857143	0.003571429	0.270095211	0.000352444	0.153551844	80.95
Q99435	NELL2 NRP2	816	VWFC	698	756	59	SQCLHQNGETLYNSGDTWVQNCQQCRCLQGEVDCWPLPCPDVECEFSILPENECCPRCV	0.304289609	0	0.013568278	0.389797109	0.001119495	0.223796077	80.95
Q99543	DNAJC2 MPHOSPH11 MPP11 ZRF1	621	SANT	449	511	63	NGSKNWSEDDLQLLIKAVNLFPAGTNSRWEVIANYMNIHSSSGVKRTAKDVIGKAKSLQKLDP	0.291599393	0.015873016	0.000512033	0.093395514	0.000426694	0.052974729	84.97
Q99543	DNAJC2 MPHOSPH11 MPP11 ZRF1	621	SANT	549	604	56	TDFTPWTTEEQKLLEQALKTYPVNTPERWEKIAEAVPGRTKKDCMKRYKELVEMVK	0.301135063	0.035714286	0.010998736	0.10207857	0.000379267	0.060462003	84.97
Q99653	CHP1 CHP	195	EF-hand	66	101	36	IINAFFPEGEDQVNFRGFMRTLAHFRPIEDNEKSKD	0.40105769	0	0.461740042	0.483145504	0.014675052	0.389771235	89.16
Q99965	ADAM2 FTNB	735	EGF-like	612	645	34	LGYDCTTDKCNDRGVCNNKKHCHCSASYLPPDCS	0.438464761	0.176470588	0.134387849	0.431677764	0.002727196	0.277601721	81.42
Q9BQ87	TBL1Y TBL1	522	LisH	4	36	33	TSDEVNFLVYRYLQESGFSHSAFTFGIESHISQ	0.430934221	0.03030303	0.075974469	0.20818339	0.001487265	0.136667428	86.83
Q9BQ87	TBL1Y TBL1	522	F-box-like	41	86	46	GTLVPPSALISILQKGLQYVEAEISINKDGTVFDSRPIESLSLIVA	0.356073707	0.086956522	0.067820607	-0.251554177	0.001598465	-0.125077507	86.83
Q9BRC7	PLCD4	762	EF-hand	170	205	36	MDQEYAFSLFQAADTSQSGTLEGEEFVQFYKALTKR	0.367769599	0	0.162955311	0.339781872	0.001568717	0.232520069	88.88
Q9BRC7	PLCD4	762	EF-hand	206	237	32	AEVQELFESFSADGQKLTLLEFLDFLQEEQKE	0.445206314	0.09375	0.447217466	0.517063722	0.002482877	0.403068015	88.88
Q9BZK7	TBL1XR1 IRA1 TBLR1	514	LisH	4	36	33	SSDEVNFLVYRYLQESGFSHSAFTFGIESHISQ	0.426372021	0.03030303	0.065016065	0.204024255	0.001575002	0.131627197	88.34
Q9BZX4	ROPN1B	212	RIIa	12	49	38	PELPKMLKEFAKAAIRAQPQDLIQWGADYFEALSRGET	0.388168871	0.157894737	0.031609195	0.108180695	0.002117362	0.069325511	85.07
Q9H069	DRC3 LRRC48	523	LRRCT	166	204	39	NPISEAEDYKMFICAYLPDLMYLDYRRIDDHTKKLAEAK	0.377525538	0.025641026	0.223670269	0.330445634	0.003443526	0.242592279	91.85
Q9H2K2	TNKS2 PARP5B TANK2 TNKL	1166	SAM	873	936	64	GVDFSITQFVRNLGLEHLMDIFEREQITLDVLVEMGHKELKEIGINAYGHRHKLIKGVERLISG	0.379703999	0.109375	0.000170145	0.09933324	0.000155966	0.056194472	83.84
Q9H5I1	SUV39H2 KMT1B	410	Chromo	47	105	59	YEVEYLCDYKVVKDMEYYLVKWKGWPDSTNTWEPLQNLKCPLLLQQFSNDKHNYLSQVK	0.359017491	0	0.238157323	0.210104171	0.001786663	0.177867821	89.07
Q9H5I1	SUV39H2 KMT1B	410	Pre-SET	189	247	59	FGCSCTDCFFQKCCPAEAGVLLAYNKNQQIKIPPGTPIYECNSRCQCGPDCPNRIVQKG	0.397745222	0.06779661	0.593558356	0.311814754	0.00212468	0.323181565	89.07
Q9H5I1	SUV39H2 KMT1B	410	Post-SET	394	410	17	VRTVCKCGAVTCRGYLN	0.415175766	0	0.501272265	0.732686916	0.003592277	0.538454113	89.07
Q9H5U6	ZCCHC4	513	DHHC	395	447	53	ELCNSCTSKDGRKWNHCFLCKKCVKPSWIHCSICNHCAVPDHSCEGPKHGCFI	0.350555927	0	0.133962264	0.24451058	0.002009844	0.171612998	82.46
Q9H672	ASB7	318	SOCS box	265	318	54	LDFLQEVTRQPRNLQDLCRIKIRQCIGLQNLKLLDELPIAKVMKDYLKHKFDDI	0.358304173	0.148148148	0.230639731	0.235755681	0.003226712	0.190773368	92.33
Q9H6R6	ZDHHC6 ZNF376	413	DHHC	99	149	51	QYCKVCQAYKAPRSHHCRKCNRCVMKMDHHCPWINNCCGYQNHASFTLFLL	0.355356783	0.039215686	0.650417073	0.611985872	0.006499838	0.507640504	86.35
Q9H7Z6	KAT8 MOF MYST1 PP7073	458	Tudor-knot	55	110	56	VEIGETYLCRRPDSTWHSAEVIQSRVNDQEGREEFYVHYVGFNRRLDEWVDKNRLA	0.411511987	0.142857143	0.038157427	0.354208415	0.002221038	0.209967973	81.67
Q9HAE3	CLXN EFCAB1 ODAD5	211	EF-hand	100	135	36	SLEEKMKYCFEVFDLNGDGFISKEEMFHMLKNSLLK	0.389575273	0	0.701587302	0.518337188	0.012222222	0.46843813	89.62
Q9HAP6	LIN7B MALS2 VELI2 UNQ3116/PRO10200	207	L	10	65	56	LERDVSRAVELLERLQRSGELPPQKLQALQRVLQSRFCSAIREVYEQLYDTLDITG	0.298781395	0	0.057000946	0.123272618	0.002483444	0.084192667	87.17
Q9HAT0	ROPN1 ROPN1A	212	RIIa	12	49	38	PELPKMLKEFAKAAIRVQPQDLIQWAADYFEALSRGET	0.353309602	0.131578947	0.029491833	0.101095811	0.002117362	0.064799563	85.22
Q9HBW9	ADGRL4 ELTD1 ETL UNQ202/PRO228	690	EGF-like	20	57	38	QNCTKTPCLPNAKCEIRNGIEACYCNMGFSGNGVTICE	0.337843329	0	0.014731999	0.096733965	0.000605425	0.058406708	81.01
Q9NRD9	DUOX1 DUOX LNOX1 THOX1	1551	EF-hand	851	886	36	SPEEKSRLMFRMYDFDGNGLISKDEFIRMLRSFIEI	0.363216847	0.055555556	0.012577924	0.486253515	0.00113678	0.278052561	85.61
Q9NUP9	LIN7C MALS3 VELI3	197	L	10	65	56	LERDICRAIELLEKLQRSGEVPPQKLQALQRVLQSEFCNAVREVYEHVYETVDISS	0.318549633	0.035714286	0.072695035	0.154557131	0.003292806	0.105896208	87.36
Q9NWU2	GID8 C20orf11 TWA1	228	CTLH	63	120	58	TLDERIKIREMILKGQIQEAIALINSLHPELLDTNRYLYFHLQQQHLIELIRQRETEA	0.394367188	0.155172414	0.465415822	0.428831212	0.008924949	0.358916308	91.96
Q9NX63	CHCHD3 MIC19 MINOS3	227	CHCH	180	222	43	HPVCADLQAKILQCYRENTHQTLKCSALATQYMHCVNHAKQSM	0.418556243	0.069767442	0.023761375	0.076592521	0.001643074	0.049451089	84.69
Q9NXF8	ZDHHC7	308	DHHC	130	180	51	YKCPKCCCIKPERAHHCSICKRCIRKMDHHCPWVNNCVGEKNQRFFVLFTM	0.318837821	0.039215686	0.676432441	0.578325637	0.009460594	0.495601929	83.86
Q9NYG2	ZDHHC3 HSD49	299	DHHC	127	177	51	YKCPKCCSIKPDRAHHCSVCKRCIRKMDHHCPWVNNCVGENNQKYFVLFTM	0.272874743	0	0.715765338	0.642918748	0.010357369	0.541979959	85.62
Q9NZT1	CALML5 CLSP	146	EF-hand	44	74	31	LSEAQLRKLISEVDSDGDGEISFQEFLTAAK	0.448348016	0.193548387	0.223281907	0.324744558	0.010939691	0.240677029	81.07
Q9P2R3	ANKFY1 ANKHZN KIAA1255	1169	BTB	68	130	63	SDLKIKVGDRHISAHKFVLAARSDSWSLANLSSTKELDLSDANPEVTMTMLRWIYTDELEFRE	0.446172357	0.158730159	0.023967393	0.260399914	0.00066018	0.153169351	86.88
Q9UBS4	DNAJB11 EDJ ERJ3 HDJ9 PSEC0121 UNQ537/PRO1080	358	J	25	90	66	DFYKILGVPRSASIKDIKKAYRKLALQLHPDRNPDDPQAQEKFQDLGAAYEVLSDSEKRKQYDTYG	0.321148843	0.060606061	0.019043171	0.130007496	0.001089664	0.078361666	84.08
Q9UBS5	GABBR1 GPRC3A	961	Sushi	98	159	62	RICSKSYLTLENGKVFLTGGDLPALDGARVDFRCDPDFHLVGSSRSICSQGQWSTPKPHCQV	0.431117415	0.14516129	0.001704403	0.087016398	0.000179411	0.049618802	84.21
Q9UBX5	FBLN5 DANCE UNQ184/PRO210	448	EGF-like 3; calcium-binding	168	206	39	DIDECRYGYCQQLCANVPGSYSCTCNPGFTLNEDGRSCQ	0.344089895	0	0.071719641	0.147031	0.0015673	0.101080351	83.34
Q9UGI8	TES	421	LIM zinc-binding	234	297	64	YSCYCCKLSMKEGDPAIYAERAGYDKLWHPACFVCSTCHELLVDMIYFWKNEKLYCGRHYCDSE	0.355228841	0	0.494529062	0.440868025	0.004245448	0.372033011	85.44
Q9UGI8	TES	421	LIM zinc-binding	299	359	61	PRCAGCDELIFSNEYTQAENQNWHLKHFCCFDCDSILAGEIYVMVNDKPVCKPCYVKNHAV	0.416643769	0.163934426	0.271493625	0.286534353	0.002094718	0.229342547	85.44
Q9UGT4	SUSD2	822	SMB	28	66	39	QESCSMRCGALDGPCSCHPTCSGLGTCCLDFRDFCLEIL	0.376876712	0.076923077	0.407734879	0.362066244	0.001670105	0.305590253	90.86
Q9UHC6	CNTNAP2 CASPR2 KIAA0868	1331	EGF-like	554	591	38	IIDRCVPNHCEHGGKCSQTWDSFKCTCDETGYSGATCH	0.383853018	0	0.169658485	0.435112436	0.001017625	0.287934468	83.35
Q9UHC6	CNTNAP2 CASPR2 KIAA0868	1331	EGF-like	963	1002	40	CSGHCTSYGTNCENGGKCLERYHGYSCDCSNTAYDGTFCN	0.339324415	0	0.028795507	0.228879245	0.000522851	0.136527037	83.35
Q9UIJ5	ZDHHC2 REAM REC ZNF372	367	DHHC	127	177	51	RYCDRCQLIKPDRCHHCSVCDKCILKMDHHCPWVNNCVGFSNYKFFLLFLA	0.257683307	0.058823529	0.733929015	0.696724807	0.008811119	0.576577662	81.92
Q9UJS0	SLC25A13 AGC2	675	EF-hand	87	122	36	APDALFMVAFQLFDKAGKGEVTFEDVKQVFGQTTIH	0.401261806	0.111111111	0.284341854	0.60093884	0.00373848	0.410461978	82.32
Q9UJW2	TINAG	476	SMB	59	107	49	NFGCCEDRDDGCVTEFYAANALCYCDKFCDRENSDCCPDYKSFCREEKE	0.253385901	0	0.009319887	0.139391781	0.001625006	0.081362245	83.24
Q9UKA2	FBXL4 FBL4 FBL5	621	F-box	277	332	56	NGYFDKLPYELIQLILNHLTLPDLCRLAQTCKLLSQHCCDPLQYIHLNLQPYWAKL	0.244435757	0.017857143	0.46937421	0.344545781	0.001801517	0.31094068	86.3
Q9UKB1	FBXW11 BTRCP2 FBW1B FBXW1B KIAA0696	542	F-box	129	167	39	DHIAENILSYLDARSLCAAELVCKEWQRVISEGMLWKKL	0.347325772	0	0.24096447	0.296852187	0.002446857	0.227697272	85.25
Q9UL63	MKLN1	735	LisH	172	204	33	REQEAIRLCLKHFRQHNYTEAFESLQKKTKIAL	0.42974782	0	0.246481913	0.309079871	0.001510835	0.235793686	89.06
Q9ULL4	PLXNB3 KIAA1206 PLXN6	1909	PSI	473	526	54	ACPQFPDCASCLQAQDPLCGWCVLQGRCTRKGQCGRAGQLNQWLWSYEEDSHCL	0.388021231	0.074074074	0.0415294	0.302431811	0.000409304	0.181208275	81
Q9UM19	HPCAL4	191	EF-hand	24	59	36	EQELKQWYKGFLKDCPSGILNLEEFQQLYIKFFPYG	0.335756749	0	0.246594982	0.309889526	0.008960573	0.23767217	86.34
Q9UM19	HPCAL4	191	EF-hand	60	95	36	DASKFAQHAFRTFDKNGDGTIDFREFICALSVTSRG	0.416000426	0.027777778	0.412365591	0.634218513	0.01344086	0.462701202	86.34
Q9UM19	HPCAL4	191	EF-hand	96	131	36	SFEQKLNWAFEMYDLDGDGRITRLEMLEIIEAIYKM	0.419647813	0.111111111	0.510394265	0.584313637	0.014516129	0.458919104	86.34
Q9UMQ6	CAPN11	739	EF-hand	640	675	36	KKLKKWMDIFRECDQDHSGTLNSYEMRLVIEKAGIK	0.42035076	0.111111111	0.114825352	0.549355649	0.002607871	0.339235476	86.75
Q9UQP3	TNN TNW	1299	EGF-like	199	229	31	YPACPENCSGHGECVRGVCQCHEDFMSEDCS	0.43046844	0.161290323	0.005113463	0.182106077	0.000534242	0.104252862	81.36
Q9UQP3	TNN TNW	1299	EGF-like	230	260	31	EKRCPGDCSGHGFCDTGECYCEEGFTGLDCA	0.442556471	0.161290323	0.016256233	0.285361464	0.000712323	0.165377721	81.36
Q9Y2I2	NTNG1 KIAA0976 LMNT1 UNQ571/PRO1133	539	Laminin EGF-like	364	419	56	CECFGHSNRCSYIDLLNTVICVSCKHNTRGQHCELCRLGYFRNASAQLDDENVCIE	0.355867237	0.053571429	0.037747708	0.117184899	0.00055457	0.075636856	83.62
Q9Y2I2	NTNG1 KIAA0976 LMNT1 UNQ571/PRO1133	539	Laminin EGF-like	420	469	50	CYCNPLGSIHDRCNGSGFCECKTGTTGPKCDECLPGNSWHYGCQPNVCDN	0.30424583	0	0.042576687	0.244832254	0.001145194	0.149060816	83.62
Q9Y3Z3	SAMHD1 MOP5	626	SAM	45	110	66	WGPEQVCSFLRRGGFEEPVLLKNIRENEITGALLPCLDESRFENLGVSSLGERKKLLSYIQRLVQI	0.374569535	0.151515152	0.012770563	0.128023871	0.000784632	0.075634542	88.18
Q9Y6A1	POMT1	747	MIR	453	513	61	SDTDVWKTILSEVRFVHVNTSAVLKLSGAHLPDWGYRQLEIVGEKLSRGYHGSTVWNVEEH	0.293885887	0	0.1633131	0.540115314	0.003584572	0.346173803	87.85
Q9Y6L6	SLCO1B1 LST1 OATP1B1 OATP2 OATPC SLC21A6	691	Kazal-like	453	508	56	DVPLSYCNSDCNCDESQWEPVCGNNGITYISPCLAGCKSSSGNKKPIVFYNCSCLE	0.378543466	0	0.147637795	0.464141247	0.002502812	0.299174366	80.27
Q9Y6L7	TLL2 KIAA0932	1015	EGF-like 2; calcium-binding	732	772	41	DKDECAKDNGGCQHECVNTFGSYLCRCRNGYWLHENGHDCK	0.430466682	0.12195122	0.003205289	0.150609079	0.000425702	0.085965442	81.31
A0PJX0	CIB4	185	EF-hand	97	132	36	CPSLKIEYAFRIYDFNENGFIDEEDLQRIILRLLNS	0.320420891	0	0.56655481	0.470690487	0.012677107	0.408249782	89.94
A6NHC0	CAPN8 NCL2	703	EF-hand	575	610	36	FNINTCREMISLLDSNGTGTLGAVEFKTLWLKIQKY	0.435928792	0.027777778	0.173579877	0.568949845	0.003290022	0.364946126	88.92
A8K855	EFCAB7 KIAA1799	629	EF-hand	102	137	36	TSKAELLKSFKQLDVNDDGCILHTDLYKFLTKRGEK	0.362762392	0	0.049138093	0.297731568	0.001920555	0.180714588	80.26
A8K855	EFCAB7 KIAA1799	629	EF-hand	138	173	36	MTREEVNAIINLADVNADGKFDYIKFCKLYMTTNEQ	0.39158237	0.055555556	0.049512835	0.354794308	0.002154769	0.213091396	80.26
G3V0H7	SLCO1B7 LST3 LST3TM12	640	Kazal-like	406	461	56	DVPLSYCNSECNCDESQWEPVCGNNGITYLSPCLAGCKSSSGNKEPIVFYNCSCVE	0.399316162	0.107142857	0.177684687	0.479573418	0.002660225	0.315344561	82.26
O75953	DNAJB5 HSC40	348	J	4	68	65	DYYKILGIPSGANEDEIKKAYRKMALKYHPDKNKEPNAEEKFKEIAEAYDVLSDPKKRGLYDQYG	0.315253437	0.153846154	0.029029628	0.202515105	0.002174504	0.121997985	80.12
P0CE72	OCM OCM1 OCMN	109	EF-hand	39	74	36	MSANQVKDVFRFIDNDQSGYLDEEELKFFLQKFESG	0.431408018	0.138888889	0.679984779	0.400863294	0.023972603	0.398926879	92.23
P22090	RPS4Y1 RPS4Y PRO2646	263	S4 RNA-binding	42	104	63	LPLIVFLRNRLKYALTGDEVKKICMQRFIKIDGKVRVDVTYPAGFMDVISIEKTGEHFRLVYD	0.270000815	0.047619048	0.91031746	0.403700239	0.006269841	0.454111508	95.43
P56277	CMC4 C6.1B MTCP1 MTCP1NB	68	CHCH	4	46	43	KDPCQKQACEIQKCLQANSYMESKCQAVIQELRKCCAQYPKGR	0.401431233	0.069767442	0.442790698	0.126183023	0.018604651	0.18414178	86.32
P82675	MRPS5	430	S5 DRBM	218	282	65	FDTRILEVRNVFTMTAKEGRKKSIRVLVAVGNGKGAAGFSIGKATDRMDAFRKAKNRAVHHLHYI	0.353978127	0.076923077	0.478398314	0.283062636	0.002992624	0.278654394	81.89
Q02045	MYL5	173	EF-hand	30	65	36	TQIQEFKEAFTLMDQNRDGFIDKEDLKDTYASLGKT	0.431899071	0.055555556	0.238037307	0.281111022	0.00892133	0.219291231	83.96
Q02045	MYL5	173	EF-hand	100	135	36	DAEETILNAFKMLDPDGKGKINKEYIKRLLMSQADK	0.385930151	0.055555556	0.194241687	0.221507524	0.008718573	0.174759821	83.96
Q02045	MYL5	173	EF-hand	136	171	36	MTAEEVDQMFQFASIDVAGNLDYKALSYVITHGEEK	0.411400139	0.055555556	0.189983779	0.344310135	0.00892133	0.243129509	83.96
Q14952	KIR2DS3 NKAT7	304	Ig-like C2-type	42	107	66	EETVILQCWSDVMFEHFLLHREGTFNDTLRLIGEHIDGVSKANFSIGRMRQDLAGTYRCYGSVPHS	0.373549551	0.181818182	0.289215686	0.285092362	0.00451999	0.233358697	80.03
Q5DT21	SPINK9 LEKTI2	86	Kazal-like	26	86	61	TKQMVDCSHYKKLPPGQQRFCHHMYDPICGSDGKTYKNDCFFCSKVKKTDGTLKFVHFGKC	0.421154052	0.196721311	0.001311475	0.01705893	0.002622951	0.010452722	91.08
Q6MZW2	FSTL4 KIAA1061	842	Kazal-like	81	135	55	KTGEPECQCLEACRPSYVPVCGSDGRFYENHCKLHRAACLLGKRITVIHSKDCFL	0.347571254	0.181818182	0.011458935	0.248790485	0.001039621	0.14359139	80.93
Q8N475	FSTL5 KIAA1263	847	Kazal-like	83	135	53	GQAECACMDLCKRHYKPVCGSDGEFYENHCEVHRAACLKKQKITIVHNEDCFF	0.329248071	0	0.011976617	0.238761397	0.001069341	0.13805838	83.67
Q8N475	FSTL5 KIAA1263	847	EF-hand	175	210	36	RKKLLVDQMFKYFDADSNGLVDINELTQVIKQEELG	0.437496126	0.055555556	0.053637485	0.580750528	0.002089327	0.341763211	83.67
Q8N475	FSTL5 KIAA1263	847	EF-hand	211	246	36	KDLFDCTLYVLLKYDDFNADKHLALEEFYRAFQVIQ	0.385574162	0.027777778	0.055898068	0.561124968	0.002260584	0.331265159	83.67
Q9BUY7	EFCAB11 C14orf143	163	EF-hand	18	53	36	SEHRKWVEVFKACDEDHKGYLSREDFKTAVVMLFGY	0.353380084	0.055555556	0.400262467	0.350666021	0.011154856	0.299077089	87.36
Q9BUY7	EFCAB11 C14orf143	163	EF-hand	127	162	36	LPERTVLEVFREVDRDSDGHVSFRDFEYALNYGQKE	0.439196348	0.138888889	0.22615923	0.163293166	0.007217848	0.149471706	87.36
Q9BV99	LRRC61	259	LRRCT	138	178	41	NPLCANPSYWAAVRELLPGLKVIDGERVIGRGSEFYQLCRD	0.377359629	0	0.318975162	0.286021003	0.005929738	0.241497593	84.46
Q9H511	KLHL31 BKLHD6 KBTBD1 KLHL	634	BTB	73	137	65	CDLVIGTKTKSFDVHKSVMASCSEYFYNILKKDPSIQRVDLNDISPLGLATVIAYAYTGKLTLSL	0.39661783	0.107692308	0.145842909	0.287395295	0.001487089	0.198679626	89.96
Q9NU02	ANKEF1 ANKRD5	776	EF-hand	335	369	35	EREAFLREAFAVLDRGDGSISKNDFVMVLEERQDY	0.424381793	0.142857143	0.085791402	0.368111566	0.001966455	0.229541238	80.98
Q9NZQ0	DNAJC27 RABJS RBJ	273	J	217	273	57	DSWDMLGVKPGASRDEVNKAYRKLAVLLHPDKCVAPGSEDAFKAVVNARTALLKNIK	0.37950471	0.192982456	0.08365822	0.147213926	0.002436647	0.104295102	90.64
Q9NZW5	PALS2 MPP6 VAM1	540	L27	1	48	48	MQQVLENLTELPSSTGAEEIDLIFLKGIMENPIVKSLAKAHERLEDSK	0.409437656	0.166666667	0.000254065	0.023316633	0.000127033	0.013260407	83.72
A0A096LNW5	NOTCH2NLR	274	EGF-like	26	63	38	LQCRDGYEPCVNKGMCVTYHSGTGYCKCPEGFLGEYCQ	0.379011095	0	0.094446922	0.134725997	0.002007136	0.099823913	85.2
A0A096LNW5	NOTCH2NLR	274	EGF-like	144	180	37	WTDACLSHLCANGSTCTTVANQFSCKCLTGFTGQKCE	0.446001768	0.135135135	0.126126126	0.220955029	0.002850952	0.156525873	85.2
A1IGU5	ARHGEF37	675	SH3	506	569	64	GPGKLYQVTSNISGTGTLDLTLPRGQIVAILQNKDTKGNSGRWLVDTGGHRGYVPAGKLQLYHV	0.231126964	0	0.013553601	0.197195839	0.000869476	0.11492598	83.22
A6NC42	DPPA5 ESG1	116	KH; atypical	23	84	62	PEVFQVQTRLLKAIFGPDGSRIPYIEQVSKAMLELKALESSDLTEVVVYGSYLYKLRTKWML	0.333330959	0.080645161	0.488351254	0.208524017	0.012544803	0.240784708	88.41
A8MX76	CAPN14	684	EF-hand	557	592	36	FSLEACQGILALLDLNASGTMSIQEFRDLWKQLKLS	0.44512701	0.055555556	0.153377915	0.641045324	0.003472222	0.400724259	86.19
A8MZ26	EFCAB9	197	EF-hand	136	171	36	IQKQELKDLFRDFDITGDNRLNYQEFKLYTIIYTDK	0.41485253	0	0.684782609	0.360953	0.00931677	0.374821985	94.02
O00634	NTN3 NTN2L	580	Laminin EGF-like	255	308	54	CKCNGHASRCLLDTQGHLICDCRHGTEGPDCGRCKPFYCDRPWQRATARESHAC	0.378807515	0.185185185	0.406034361	0.336349669	0.002534854	0.290802068	87.19
O00634	NTN3 NTN2L	580	Laminin EGF-like	311	371	61	CSCNGHARRCRFNMELYRLSGRRSGGVCLNCRHNTAGRHCHYCREGFYRDPGRALSDRRAC	0.484593749	0.196721311	0.275908904	0.047899435	0.001326637	0.095460761	87.19
P11844	CRYGA CRYG1	174	Beta/gamma crystallin 'Greek key'	2	40	39	GKITFYEDRDFQGRCYNCISDCPNLRVYFSRCNSIRVDS	0.420470417	0	0.937511871	0.356440046	0.012535613	0.435298217	96.14
P63120	ERVK-19	156	G-patch	111	156	46	YSPTSQKIMTKMGYILGKGLGKNEDGIKIPVEAKINQKREGIGYPF	0.401408315	0.086956522	0.005533597	0.025250161	0.000790514	0.015780965	84.63
Q075Z2	BSPH1	132	Fibronectin type-II	40	84	45	VTDGECVFPFHYKNGTYYDCIKSKARHKWCSLNKTYEGYWKFCSA	0.402264148	0.2	0.410727969	0.17051984	0.007918263	0.199274233	82.43
Q075Z2	BSPH1	132	Fibronectin type-II	85	132	48	EDFANCVFPFWYRRLIYWECTDDGEAFGKKWCSLTKNFNKDRIWKYCE	0.428852111	0.166666667	0.432043651	0.028990636	0.005208333	0.12406845	82.43
Q6MZZ7	CAPN13	669	EF-hand	538	573	36	FSLDECRSLVALMELKVNGRLDQEEFARLWKRLVHY	0.4200629	0.111111111	0.173556258	0.532070935	0.003642268	0.344169578	83.02
Q6UWN8	SPINK6 UNQ844/PRO1782	80	Kazal-like	24	80	57	QGGQVDCGEFQDPKVYCTRESNPHCGSDGQTYGNKCAFCKAIVKSGGKISLKHPGKC	0.433536321	0.157894737	0.000762777	0.019718187	0.003051106	0.011899738	87.4
Q6ZSI9	CAPN12	719	EF-hand	620	655	36	GYLLEWQAIFNKFDEDTSGTMNSYELRLALNAAGFH	0.439249486	0.166666667	0.126281113	0.601581024	0.002928258	0.371632297	86.02
Q7Z7K0	CMC1 C3orf68	106	CHCH	28	71	44	KERCSEQVQDFTKCCKNSGVLMVVKCRKENSALKECLTAYYNDP	0.261044145	0	0.520527859	0.115818859	0.008797654	0.195653198	86.97
Q8IUA0	WFDC8 C20orf170 WAP8	241	WAP	44	91	48	IKHKPGLCPKERLTCTTELPDSCNTDFDCKEYQKCCFFACQKKCMDPF	0.363384247	0.020833333	0.249892055	0.201858871	0.002698618	0.176278242	87.05
Q8IUB3	WFDC10B WAP12	73	WAP	28	73	46	RMQRIKVCEKRPSIDLCIHHCSYFQKCETNKICCSAFCGNICMSIL	0.397698641	0.173913043	0.002415459	0.041854212	0.006441224	0.025448757	86.59
Q8IVN8	SBSPON C8orf84 RPESP	264	SMB	24	75	52	EAGRCCPGRDPACFARGWRLDRVYGTCFCDQACRFTGDCCFDYDRACPARPC	0.320982188	0	0.107855588	0.183416173	0.004263425	0.131067728	87.3
Q8WYK1	CNTNAP5 CASPR5	1306	EGF-like	546	583	38	IKDRCLPNYCEHGGSCSQSWTTFYCNCSDTSYTGATCH	0.399044693	0.078947368	0.197575959	0.466438634	0.00109995	0.312544781	83.98
Q96CD0	FBXL8 FBL8	374	F-box	2	48	47	AEPGEGLPEEVLALIFRHLSLRDRAAAARVCRAWAAAATCSAVWHDT	0.385159463	0.170212766	0.318888672	0.194458306	0.001886915	0.188987298	91.56
Q96E66	LRRC51 LRTOMT	192	LRRCT	137	175	39	NPMEEEKGYRQYVLCTLSRITTFDFSGVTKADRTTAEVW	0.408683389	0.102564103	0.846321435	0.374021107	0.010222893	0.422275001	91.53
Q9NRP2	CMC2 C16orf61 DC13	79	CHCH	11	55	45	TEECNVLINLLKECHKNHNILKFFGYCNDVDRELRKCLKNEYVEN	0.379796296	0.111111111	0.57254902	0.135938247	0.016339869	0.221280273	91.59
Q9NVM6	DNAJC17	304	J	11	76	66	DLYALLGIEEKAADKEVKKAYRQKALSCHPDKNPDNPRAAELFHQLSQALEVLTDAAARAAYDKVR	0.3636792	0.03030303	0.077603769	0.102859851	0.001273237	0.077522042	83
Q9Y2F9	BTBD3 KIAA0952	522	BACK	235	300	66	FEEPDLTQRCWEVIDAQAELALKSEGFCDIDFQTLESILRRETLNAKEIVVFEAALNWAEVECQRQ	0.379460543	0.166666667	0.577053429	0.478360821	0.003588517	0.413477113	83.52
O75391	SPAG7	227	R3H	46	109	64	VEFRKRMEKEVSDFIQDSGQIKKKFQPMNKIERSILHDVVEVAGLTSFSFGEDDDCRYVMIFKK	0.373164952	0.078125	0.191430215	0.133108882	0.002971626	0.123045476	85.48
P0C7L1	SPINK8	97	Kazal-like	36	96	61	DKTIVECLKNVNKCWFLSYIKPSEPICGSDQVTYSSDCHLCSKILFEGLNITKLYDGQCEN	0.41027385	0.147540984	0.066029144	0.065823559	0.007285974	0.054861987	80.53
P0C7M6	IQCF3	154	IQ	89	118	30	QEQATVKLQSCIRMWQCRQCYRQMCNALCL	0.389490932	0.1	0.095698925	0.096400816	0.005107527	0.079059203	83.74
P0CE71	OCM2 OCMN	109	EF-hand	39	74	36	MSASQVKDVFRFIDNDQSGYLDEEELKFFLQKFESG	0.417509049	0.138888889	0.668188737	0.406196729	0.02435312	0.399097803	91.53
P49223	SPINT3	89	BPTI/Kunitz inhibitor	36	86	51	CAFPMEKGPCQTYMTRWFFNFETGECELFAYGGCGGNSNNFLRKEKCEKFC	0.361379653	0.078431373	0.349845201	0.131724696	0.012899897	0.163248499	93.18
Q6IE38	SPINK14 SPINK5L2	97	Kazal-like	34	97	64	GIIKVKCPYEKVNLSWYNGTVNPCPGLYQPICGTNFITYDNPCILCVESLKSHGRIRFYHDGKC	0.319743305	0.078125	0.127367424	0.11816335	0.010890152	0.100258505	81.2
Q8N9V3	WDSUB1 WDSAM1	476	SAM	332	396	65	WSEEDVSTWLCAQDLKDLVGIFKMNNIDGKELLNLTKESLADDLKIESLGLRSKVLRKIEELRTK	0.409862101	0.184615385	0.012839229	0.112028311	0.000786075	0.066614281	88.88
Q8NEA4	FBXO36 FBX36	188	F-box	91	137	47	FDFLERLSDDLLLTIISYLDLEDIARLCQTSHRFAKLCMSDKLWEQI	0.386281103	0	0.318092651	0.215027045	0.004526935	0.200905702	89.73
Q8TD47	RPS4Y2 RPS4Y2P	263	S4 RNA-binding	42	104	63	LPLIVFLRNRLKYALTGDEVKKICMQHFLKIDGKVRVDITYPAGFIDVISIEKTGEHFRLVYN	0.281242788	0.047619048	0.903809524	0.410318064	0.005873016	0.456168912	95.47
Q8WWF8	CAPSL	208	EF-hand	39	74	36	AGIKGLGRVFRIMDDDNNRTLDFKEFMKGLNDYAVV	0.338158876	0.027777778	0.295865633	0.361010694	0.007105943	0.278378665	91.34
Q8WWF8	CAPSL	208	EF-hand	111	146	36	ARKEVIMQAFRKLDKTGDGVITIEDLREVYNAKHHP	0.345997185	0	0.350775194	0.407008444	0.01130491	0.318715262	91.34
Q8WWF8	CAPSL	208	EF-hand	154	191	38	SEEQVFRKFLDNFDSPYDKDGLVTPEEFMNYYAGVSAS	0.412802428	0.078947368	0.343343653	0.422802515	0.008823529	0.325339303	91.34
A6NNX1	RIIAD1 C1orf230	92	RIIa	43	77	35	KEVEWLISGFFREIFLKRPDNILEFAADYFTDPRL	0.375948906	0.028571429	0.473684211	0.163094792	0.013032581	0.21158565	90.37